Lattice Timing Report -  Setup  and Hold, Version Radiant Software (64-bit) 2026.1.0.37.0

Sun Sep 13 05:31:01 2026

Copyright (c) 1991-1994 by NeoCAD Inc. All rights reserved.
Copyright (c) 1995 AT&T Corp.   All rights reserved.
Copyright (c) 1995-2001 Lucent Technologies Inc.  All rights reserved.
Copyright (c) 2001 Agere Systems   All rights reserved.
Copyright (c) 2002-2026 Lattice Semiconductor Corporation,  All rights reserved.

Command line:    timing -sethld -v 10 -u 10 -endpoints 10 -nperend 1 -sp High-Performance_1.2V -hsp m -pwrprd -html -rpt e155_lab2_jl_impl_1.twr e155_lab2_jl_impl_1.udb -gui -msgset C:/Users/jesli/Documents/GitHub/e155-lab2/fpga/e155_lab2_jl/promote.xml

-----------------------------------------
Design:          lab2top_jl
Family:          iCE40UP
Device:          iCE40UP5K
Package:         SG48
Performance:     High-Performance_1.2V
Package Status:                     Preliminary    Version 1.5
**Performance Hardware Data Status :   Advanced Version 1.0
-----------------------------------------


=====================================================================
                    Table of Contents
=====================================================================
    1  Timing Overview
        1.1  SDC Constraints
        1.2  Constraint Coverage
        1.3  Overall Summary
        1.4  Unconstrained Report
        1.5  Combinational Loop
    2  Setup at Speed Grade High-Performance_1.2V Corner at 100 Degrees
        2.1  Clock Summary
        2.2  Endpoint slacks
        2.3  Detailed Report
    3  Hold at Speed Grade m Corner at -40 Degrees
        3.1  Endpoint slacks
        3.2  Detailed Report

=====================================================================
                    End of Table of Contents
=====================================================================

==============================================
1  Timing Overview
==============================================

1.1  SDC Constraints
=====================
create_clock -name {int_osc} -period 20.8333 [get_pins {hf_osc/CLKHF }] 

1.2  Constraint Coverage
---------------------------
Constraint Coverage: 67.301%


1.3  Overall Summary
---------------------------
 Setup at Speed Grade High-Performance_1.2V Corner at 100 Degrees     Timing Errors: 0 endpoints;  Total Negative Slack: 0.000 ns 
 Hold at Speed Grade m Corner at -40 Degrees                          Timing Errors: 0 endpoints;  Total Negative Slack: 0.000 ns 

1.4  Unconstrained Report
===========================

1.4.1  Unconstrained Start/End Points
--------------------------------------

Clocked but unconstrained timing start points
--------------------------------------------------
There is no start point satisfying reporting criteria


Clocked but unconstrained timing end points
-------------------------------------------------------------------
         Listing 10 End Points          |           Type           
-------------------------------------------------------------------
{scanning/scanner_counter/count__i1/SP   scanning/scanner_counter/count__i0/SP}                           
                                        |           No arrival time
{scanning/scanner_counter/count__i1/SR   scanning/scanner_counter/count__i0/SR}                           
                                        |           No arrival time
{scanning/scanner_counter/count__i2/SP   scanning/scanner_counter/count__i3/SP}                           
                                        |           No arrival time
{scanning/scanner_counter/count__i2/SR   scanning/scanner_counter/count__i3/SR}                           
                                        |           No arrival time
{scanning/scanner_counter/count__i4/SP   scanning/scanner_counter/count__i5/SP}                           
                                        |           No arrival time
{scanning/scanner_counter/count__i4/SR   scanning/scanner_counter/count__i5/SR}                           
                                        |           No arrival time
{scanning/scanner_counter/count__i7/SP   scanning/scanner_counter/count__i8/SP}                           
                                        |           No arrival time
{scanning/scanner_counter/count__i7/SR   scanning/scanner_counter/count__i8/SR}                           
                                        |           No arrival time
{scanning/scanner_counter/count__i9/SP   scanning/scanner_counter/count__i10/SP}                           
                                        |           No arrival time
{scanning/scanner_counter/count__i9/SR   scanning/scanner_counter/count__i10/SR}                           
                                        |           No arrival time
-------------------------------------------------------------------
                                        |                          
Number of unconstrained timing end poin |                          
ts                                      |                        58
                                        |                          
-------------------------------------------------------------------

1.4.2  Start/End Points Without Timing Constraints
---------------------------------------------------

I/O ports without constraint
----------------------------
Possible constraints to use on I/O ports are:
set_input_delay,
set_output_delay,
set_max_delay,
create_clock,
create_generated_clock,
...

-------------------------------------------------------------------
     Listing 10 Start or End Points     |           Type           
-------------------------------------------------------------------
sw1[3]                                  |                     input
sw1[2]                                  |                     input
sw1[1]                                  |                     input
sw1[0]                                  |                     input
sw2[3]                                  |                     input
sw2[2]                                  |                     input
sw2[1]                                  |                     input
sw2[0]                                  |                     input
col[3]                                  |                     input
col[2]                                  |                     input
-------------------------------------------------------------------
                                        |                          
Number of I/O ports without constraint  |                        31
                                        |                          
-------------------------------------------------------------------

Nets without clock definition
Define a clock on a top level port or a generated clock on a clock divider pin associated with this net(s).
--------------------------------------------------
There is no instance satisfying reporting criteria



1.5  Combinational Loop
========================
None

===============================================================
2  Setup at Speed Grade High-Performance_1.2V Corner at 100 Degrees
===============================================================

2.1  Clock Summary
=======================

2.1.1 Clock "int_osc"
=======================
create_clock -name {int_osc} -period 20.8333 [get_pins {hf_osc/CLKHF }] 

Single Clock Domain
-------------------------------------------------------------------------------------------------------
             Clock int_osc              |                    |       Period       |     Frequency      
-------------------------------------------------------------------------------------------------------
 From int_osc                           |             Target |          20.833 ns |         48.000 MHz 
                                        | Actual (all paths) |          20.792 ns |         48.095 MHz 
hf_osc/CLKHF (MPW)                      |   (50% duty cycle) |          20.792 ns |         48.095 MHz 
-------------------------------------------------------------------------------------------------------

Clock Domain Crossing

2.2  Endpoint slacks
=======================
-------------------------------------------------------
          Listing 10 End Points          |    Slack    
-------------------------------------------------------
segment_counter/count__i27/D             |    2.740 ns 
segment_counter/count__i26/D             |    3.017 ns 
segment_counter/count__i25/D             |    3.558 ns 
segment_counter/count__i24/D             |    3.571 ns 
segment_counter/count__i23/D             |    3.848 ns 
segment_counter/count__i21/D             |    4.362 ns 
segment_counter/count__i20/D             |    4.639 ns 
segment_counter/count__i22/D             |    4.680 ns 
scanning/scanner_counter/count__i24/D    |    4.761 ns 
segment_counter/count__i15/D             |    4.914 ns 
-------------------------------------------------------
                                         |             
Setup # of endpoints with negative slack:|           0 
                                         |             
-------------------------------------------------------

2.3  Detailed Report
=======================


XXXXXXXXXXXXXXXXXXXXXXXXXXXXXXXXXXXXXXXXXXXXXXXXXXXXXXXXXX

Detail report of critical paths

XXXXXXXXXXXXXXXXXXXXXXXXXXXXXXXXXXXXXXXXXXXXXXXXXXXXXXXXXX

+++++++++++++++++++++++++++++++++++++++++++++++++++++++++++++++++++++ 
                    Detailed Report for timing paths 
+++++++++++++++++++++++++++++++++++++++++++++++++++++++++++++++++++++ 

++++ Path 1 ++++++++++++++++++++++++++++++++++++++++++++++++++++++++++ 

Path Begin       : segment_counter/count__i0/Q  (SLICE_R17C9A)
Path End         : segment_counter/count__i27/D  (SLICE_R16C11D)
Source Clock     : int_osc (R)
Destination Clock: int_osc (R)
Logic Level      : 30
Delay Ratio      : 44.8% (route), 55.2% (logic)
Clock Skew       : 0.000 ns 
Setup Constraint : 20.833 ns 
Path Slack       : 2.740 ns  (Passed)


Source Clock Path
Name                                      Cell/Site Name     Delay Name           Incr      Arrival/Required Time  Fanout  
----------------------------------------  -----------------  -------------------  --------  ---------------------  ------  
hf_osc/CLKHF                              HFOSC_HFOSC_R1C32  CLOCK LATENCY           0.000                  0.000  30      
segment_counter/int_osc                                      NET DELAY               5.499                  5.499  30      
{segment_counter/count__i1/CK   segment_counter/count__i0/CK}
                                                             CLOCK PIN               0.000                  5.499  1       


Data Path
Name                                      Cell/Site Name     Delay Name           Incr      Arrival/Required Time  Fanout  
----------------------------------------  -----------------  -------------------  --------  ---------------------  ------  
segment_counter/count__i0/CK->segment_counter/count__i0/Q
                                          SLICE_R17C9A       CLK_TO_Q1_DELAY         1.388                  6.887  2       
segment_counter/count[0]                                     NET DELAY               3.265                 10.152  2       
segment_counter/add_7_add_5_1/B1->segment_counter/add_7_add_5_1/CO1
                                          SLICE_R15C8A       B1_TO_COUT1_DELAY       0.357                 10.509  2       
segment_counter/n816                                         NET DELAY               0.000                 10.509  2       
segment_counter/add_7_add_5_3/CI0->segment_counter/add_7_add_5_3/CO0
                                          SLICE_R15C8B       CIN0_TO_COUT0_DELAY     0.277                 10.786  2       
segment_counter/n1717                                        NET DELAY               0.000                 10.786  2       
segment_counter/add_7_add_5_3/CI1->segment_counter/add_7_add_5_3/CO1
                                          SLICE_R15C8B       CIN1_TO_COUT1_DELAY     0.277                 11.063  2       
segment_counter/n818                                         NET DELAY               0.000                 11.063  2       
segment_counter/add_7_add_5_5/CI0->segment_counter/add_7_add_5_5/CO0
                                          SLICE_R15C8C       CIN0_TO_COUT0_DELAY     0.277                 11.340  2       
segment_counter/n1720                                        NET DELAY               0.000                 11.340  2       
segment_counter/add_7_add_5_5/CI1->segment_counter/add_7_add_5_5/CO1
                                          SLICE_R15C8C       CIN1_TO_COUT1_DELAY     0.277                 11.617  2       
segment_counter/n820                                         NET DELAY               0.000                 11.617  2       
segment_counter/add_7_add_5_7/CI0->segment_counter/add_7_add_5_7/CO0
                                          SLICE_R15C8D       CIN0_TO_COUT0_DELAY     0.277                 11.894  2       
segment_counter/n1723                                        NET DELAY               0.000                 11.894  2       
segment_counter/add_7_add_5_7/CI1->segment_counter/add_7_add_5_7/CO1
                                          SLICE_R15C8D       CIN1_TO_COUT1_DELAY     0.277                 12.171  2       
segment_counter/n822                                         NET DELAY               0.555                 12.726  2       
segment_counter/add_7_add_5_9/CI0->segment_counter/add_7_add_5_9/CO0
                                          SLICE_R15C9A       CIN0_TO_COUT0_DELAY     0.277                 13.003  2       
segment_counter/n1726                                        NET DELAY               0.000                 13.003  2       
segment_counter/add_7_add_5_9/CI1->segment_counter/add_7_add_5_9/CO1
                                          SLICE_R15C9A       CIN1_TO_COUT1_DELAY     0.277                 13.280  2       
segment_counter/n824                                         NET DELAY               0.000                 13.280  2       
segment_counter/add_7_add_5_11/CI0->segment_counter/add_7_add_5_11/CO0
                                          SLICE_R15C9B       CIN0_TO_COUT0_DELAY     0.277                 13.557  2       
segment_counter/n1729                                        NET DELAY               0.000                 13.557  2       
segment_counter/add_7_add_5_11/CI1->segment_counter/add_7_add_5_11/CO1
                                          SLICE_R15C9B       CIN1_TO_COUT1_DELAY     0.277                 13.834  2       
segment_counter/n826                                         NET DELAY               0.000                 13.834  2       
segment_counter/add_7_add_5_13/CI0->segment_counter/add_7_add_5_13/CO0
                                          SLICE_R15C9C       CIN0_TO_COUT0_DELAY     0.277                 14.111  2       
segment_counter/n1732                                        NET DELAY               0.000                 14.111  2       
segment_counter/add_7_add_5_13/CI1->segment_counter/add_7_add_5_13/CO1
                                          SLICE_R15C9C       CIN1_TO_COUT1_DELAY     0.277                 14.388  2       
segment_counter/n828                                         NET DELAY               0.000                 14.388  2       
segment_counter/add_7_add_5_15/CI0->segment_counter/add_7_add_5_15/CO0
                                          SLICE_R15C9D       CIN0_TO_COUT0_DELAY     0.277                 14.665  2       
segment_counter/n1735                                        NET DELAY               0.000                 14.665  2       
segment_counter/add_7_add_5_15/CI1->segment_counter/add_7_add_5_15/CO1
                                          SLICE_R15C9D       CIN1_TO_COUT1_DELAY     0.277                 14.942  2       
segment_counter/n830                                         NET DELAY               0.555                 15.497  2       
segment_counter/add_7_add_5_17/CI0->segment_counter/add_7_add_5_17/CO0
                                          SLICE_R15C10A      CIN0_TO_COUT0_DELAY     0.277                 15.774  2       
segment_counter/n1738                                        NET DELAY               0.000                 15.774  2       
segment_counter/add_7_add_5_17/CI1->segment_counter/add_7_add_5_17/CO1
                                          SLICE_R15C10A      CIN1_TO_COUT1_DELAY     0.277                 16.051  2       
segment_counter/n832                                         NET DELAY               0.000                 16.051  2       
segment_counter/add_7_add_5_19/CI0->segment_counter/add_7_add_5_19/CO0
                                          SLICE_R15C10B      CIN0_TO_COUT0_DELAY     0.277                 16.328  2       
segment_counter/n1741                                        NET DELAY               0.000                 16.328  2       
segment_counter/add_7_add_5_19/CI1->segment_counter/add_7_add_5_19/CO1
                                          SLICE_R15C10B      CIN1_TO_COUT1_DELAY     0.277                 16.605  2       
segment_counter/n834                                         NET DELAY               0.000                 16.605  2       
segment_counter/add_7_add_5_21/CI0->segment_counter/add_7_add_5_21/CO0
                                          SLICE_R15C10C      CIN0_TO_COUT0_DELAY     0.277                 16.882  2       
segment_counter/n1744                                        NET DELAY               0.000                 16.882  2       
segment_counter/add_7_add_5_21/CI1->segment_counter/add_7_add_5_21/CO1
                                          SLICE_R15C10C      CIN1_TO_COUT1_DELAY     0.277                 17.159  2       
segment_counter/n836                                         NET DELAY               0.000                 17.159  2       
segment_counter/add_7_add_5_23/CI0->segment_counter/add_7_add_5_23/CO0
                                          SLICE_R15C10D      CIN0_TO_COUT0_DELAY     0.277                 17.436  2       
segment_counter/n1747                                        NET DELAY               0.000                 17.436  2       
segment_counter/add_7_add_5_23/CI1->segment_counter/add_7_add_5_23/CO1
                                          SLICE_R15C10D      CIN1_TO_COUT1_DELAY     0.277                 17.713  2       
segment_counter/n838                                         NET DELAY               0.555                 18.268  2       
segment_counter/add_7_add_5_25/CI0->segment_counter/add_7_add_5_25/CO0
                                          SLICE_R15C11A      CIN0_TO_COUT0_DELAY     0.277                 18.545  2       
segment_counter/n1750                                        NET DELAY               0.000                 18.545  2       
segment_counter/add_7_add_5_25/CI1->segment_counter/add_7_add_5_25/CO1
                                          SLICE_R15C11A      CIN1_TO_COUT1_DELAY     0.277                 18.822  2       
segment_counter/n840                                         NET DELAY               0.000                 18.822  2       
segment_counter/add_7_add_5_27/CI0->segment_counter/add_7_add_5_27/CO0
                                          SLICE_R15C11B      CIN0_TO_COUT0_DELAY     0.277                 19.099  2       
segment_counter/n1753                                        NET DELAY               0.000                 19.099  2       
segment_counter/add_7_add_5_27/CI1->segment_counter/add_7_add_5_27/CO1
                                          SLICE_R15C11B      CIN1_TO_COUT1_DELAY     0.277                 19.376  2       
segment_counter/n842                                         NET DELAY               0.661                 20.037  2       
segment_counter/add_7_add_5_29/D0->segment_counter/add_7_add_5_29/S0
                                          SLICE_R15C11C      D0_TO_F0_DELAY          0.449                 20.486  1       
segment_counter/n147[27]                                     NET DELAY               2.432                 22.918  1       
segment_counter/i544_2_lut/A->segment_counter/i544_2_lut/Z
                                          SLICE_R16C11D      C1_TO_F1_DELAY          0.476                 23.394  1       
segment_counter/n37[27]                                      NET DELAY               0.000                 23.394  1       
segment_counter/count__i27/D                                 ENDPOINT                0.000                 23.394  1       


Destination Clock Path
Name                                      Cell/Site Name     Delay Name           Incr      Arrival/Required Time  Fanout  
----------------------------------------  -----------------  -------------------  --------  ---------------------  ------  
                                                             CONSTRAINT              0.000                 20.833  1       
hf_osc/CLKHF                              HFOSC_HFOSC_R1C32  CLOCK LATENCY           0.000                 20.833  30      
segment_counter/int_osc                                      NET DELAY               5.499                 26.332  30      
{segment_counter/count__i26/CK   segment_counter/count__i27/CK}
                                                             CLOCK PIN               0.000                 26.332  1       
                                                             Uncertainty          -(0.000)                 26.332  
                                                             Setup time           -(0.198)                 26.134  
----------------------------------------  -----------------  -------------------  --------  ---------------------  ------  
Required Time                                                                                              26.134  
Arrival Time                                                                                            -(23.393)  
----------------------------------------  -----------------  -------------------  --------  ---------------------  ------  
Path Slack  (Passed)                                                                                        2.740  




++++ Path 2 ++++++++++++++++++++++++++++++++++++++++++++++++++++++++++ 

Path Begin       : segment_counter/count__i0/Q  (SLICE_R17C9A)
Path End         : segment_counter/count__i26/D  (SLICE_R16C11D)
Source Clock     : int_osc (R)
Destination Clock: int_osc (R)
Logic Level      : 29
Delay Ratio      : 45.5% (route), 54.5% (logic)
Clock Skew       : 0.000 ns 
Setup Constraint : 20.833 ns 
Path Slack       : 3.017 ns  (Passed)


Source Clock Path
Name                                      Cell/Site Name     Delay Name           Incr      Arrival/Required Time  Fanout  
----------------------------------------  -----------------  -------------------  --------  ---------------------  ------  
hf_osc/CLKHF                              HFOSC_HFOSC_R1C32  CLOCK LATENCY           0.000                  0.000  30      
segment_counter/int_osc                                      NET DELAY               5.499                  5.499  30      
{segment_counter/count__i1/CK   segment_counter/count__i0/CK}
                                                             CLOCK PIN               0.000                  5.499  1       


Data Path
Name                                      Cell/Site Name     Delay Name           Incr      Arrival/Required Time  Fanout  
----------------------------------------  -----------------  -------------------  --------  ---------------------  ------  
segment_counter/count__i0/CK->segment_counter/count__i0/Q
                                          SLICE_R17C9A       CLK_TO_Q1_DELAY         1.388                  6.887  2       
segment_counter/count[0]                                     NET DELAY               3.265                 10.152  2       
segment_counter/add_7_add_5_1/B1->segment_counter/add_7_add_5_1/CO1
                                          SLICE_R15C8A       B1_TO_COUT1_DELAY       0.357                 10.509  2       
segment_counter/n816                                         NET DELAY               0.000                 10.509  2       
segment_counter/add_7_add_5_3/CI0->segment_counter/add_7_add_5_3/CO0
                                          SLICE_R15C8B       CIN0_TO_COUT0_DELAY     0.277                 10.786  2       
segment_counter/n1717                                        NET DELAY               0.000                 10.786  2       
segment_counter/add_7_add_5_3/CI1->segment_counter/add_7_add_5_3/CO1
                                          SLICE_R15C8B       CIN1_TO_COUT1_DELAY     0.277                 11.063  2       
segment_counter/n818                                         NET DELAY               0.000                 11.063  2       
segment_counter/add_7_add_5_5/CI0->segment_counter/add_7_add_5_5/CO0
                                          SLICE_R15C8C       CIN0_TO_COUT0_DELAY     0.277                 11.340  2       
segment_counter/n1720                                        NET DELAY               0.000                 11.340  2       
segment_counter/add_7_add_5_5/CI1->segment_counter/add_7_add_5_5/CO1
                                          SLICE_R15C8C       CIN1_TO_COUT1_DELAY     0.277                 11.617  2       
segment_counter/n820                                         NET DELAY               0.000                 11.617  2       
segment_counter/add_7_add_5_7/CI0->segment_counter/add_7_add_5_7/CO0
                                          SLICE_R15C8D       CIN0_TO_COUT0_DELAY     0.277                 11.894  2       
segment_counter/n1723                                        NET DELAY               0.000                 11.894  2       
segment_counter/add_7_add_5_7/CI1->segment_counter/add_7_add_5_7/CO1
                                          SLICE_R15C8D       CIN1_TO_COUT1_DELAY     0.277                 12.171  2       
segment_counter/n822                                         NET DELAY               0.555                 12.726  2       
segment_counter/add_7_add_5_9/CI0->segment_counter/add_7_add_5_9/CO0
                                          SLICE_R15C9A       CIN0_TO_COUT0_DELAY     0.277                 13.003  2       
segment_counter/n1726                                        NET DELAY               0.000                 13.003  2       
segment_counter/add_7_add_5_9/CI1->segment_counter/add_7_add_5_9/CO1
                                          SLICE_R15C9A       CIN1_TO_COUT1_DELAY     0.277                 13.280  2       
segment_counter/n824                                         NET DELAY               0.000                 13.280  2       
segment_counter/add_7_add_5_11/CI0->segment_counter/add_7_add_5_11/CO0
                                          SLICE_R15C9B       CIN0_TO_COUT0_DELAY     0.277                 13.557  2       
segment_counter/n1729                                        NET DELAY               0.000                 13.557  2       
segment_counter/add_7_add_5_11/CI1->segment_counter/add_7_add_5_11/CO1
                                          SLICE_R15C9B       CIN1_TO_COUT1_DELAY     0.277                 13.834  2       
segment_counter/n826                                         NET DELAY               0.000                 13.834  2       
segment_counter/add_7_add_5_13/CI0->segment_counter/add_7_add_5_13/CO0
                                          SLICE_R15C9C       CIN0_TO_COUT0_DELAY     0.277                 14.111  2       
segment_counter/n1732                                        NET DELAY               0.000                 14.111  2       
segment_counter/add_7_add_5_13/CI1->segment_counter/add_7_add_5_13/CO1
                                          SLICE_R15C9C       CIN1_TO_COUT1_DELAY     0.277                 14.388  2       
segment_counter/n828                                         NET DELAY               0.000                 14.388  2       
segment_counter/add_7_add_5_15/CI0->segment_counter/add_7_add_5_15/CO0
                                          SLICE_R15C9D       CIN0_TO_COUT0_DELAY     0.277                 14.665  2       
segment_counter/n1735                                        NET DELAY               0.000                 14.665  2       
segment_counter/add_7_add_5_15/CI1->segment_counter/add_7_add_5_15/CO1
                                          SLICE_R15C9D       CIN1_TO_COUT1_DELAY     0.277                 14.942  2       
segment_counter/n830                                         NET DELAY               0.555                 15.497  2       
segment_counter/add_7_add_5_17/CI0->segment_counter/add_7_add_5_17/CO0
                                          SLICE_R15C10A      CIN0_TO_COUT0_DELAY     0.277                 15.774  2       
segment_counter/n1738                                        NET DELAY               0.000                 15.774  2       
segment_counter/add_7_add_5_17/CI1->segment_counter/add_7_add_5_17/CO1
                                          SLICE_R15C10A      CIN1_TO_COUT1_DELAY     0.277                 16.051  2       
segment_counter/n832                                         NET DELAY               0.000                 16.051  2       
segment_counter/add_7_add_5_19/CI0->segment_counter/add_7_add_5_19/CO0
                                          SLICE_R15C10B      CIN0_TO_COUT0_DELAY     0.277                 16.328  2       
segment_counter/n1741                                        NET DELAY               0.000                 16.328  2       
segment_counter/add_7_add_5_19/CI1->segment_counter/add_7_add_5_19/CO1
                                          SLICE_R15C10B      CIN1_TO_COUT1_DELAY     0.277                 16.605  2       
segment_counter/n834                                         NET DELAY               0.000                 16.605  2       
segment_counter/add_7_add_5_21/CI0->segment_counter/add_7_add_5_21/CO0
                                          SLICE_R15C10C      CIN0_TO_COUT0_DELAY     0.277                 16.882  2       
segment_counter/n1744                                        NET DELAY               0.000                 16.882  2       
segment_counter/add_7_add_5_21/CI1->segment_counter/add_7_add_5_21/CO1
                                          SLICE_R15C10C      CIN1_TO_COUT1_DELAY     0.277                 17.159  2       
segment_counter/n836                                         NET DELAY               0.000                 17.159  2       
segment_counter/add_7_add_5_23/CI0->segment_counter/add_7_add_5_23/CO0
                                          SLICE_R15C10D      CIN0_TO_COUT0_DELAY     0.277                 17.436  2       
segment_counter/n1747                                        NET DELAY               0.000                 17.436  2       
segment_counter/add_7_add_5_23/CI1->segment_counter/add_7_add_5_23/CO1
                                          SLICE_R15C10D      CIN1_TO_COUT1_DELAY     0.277                 17.713  2       
segment_counter/n838                                         NET DELAY               0.555                 18.268  2       
segment_counter/add_7_add_5_25/CI0->segment_counter/add_7_add_5_25/CO0
                                          SLICE_R15C11A      CIN0_TO_COUT0_DELAY     0.277                 18.545  2       
segment_counter/n1750                                        NET DELAY               0.000                 18.545  2       
segment_counter/add_7_add_5_25/CI1->segment_counter/add_7_add_5_25/CO1
                                          SLICE_R15C11A      CIN1_TO_COUT1_DELAY     0.277                 18.822  2       
segment_counter/n840                                         NET DELAY               0.000                 18.822  2       
segment_counter/add_7_add_5_27/CI0->segment_counter/add_7_add_5_27/CO0
                                          SLICE_R15C11B      CIN0_TO_COUT0_DELAY     0.277                 19.099  2       
segment_counter/n1753                                        NET DELAY               0.661                 19.760  2       
segment_counter/add_7_add_5_27/D1->segment_counter/add_7_add_5_27/S1
                                          SLICE_R15C11B      D1_TO_F1_DELAY          0.449                 20.209  1       
segment_counter/n147[26]                                     NET DELAY               2.432                 22.641  1       
segment_counter/i546_2_lut/A->segment_counter/i546_2_lut/Z
                                          SLICE_R16C11D      C0_TO_F0_DELAY          0.476                 23.117  1       
segment_counter/n37[26]                                      NET DELAY               0.000                 23.117  1       
segment_counter/count__i26/D                                 ENDPOINT                0.000                 23.117  1       


Destination Clock Path
Name                                      Cell/Site Name     Delay Name           Incr      Arrival/Required Time  Fanout  
----------------------------------------  -----------------  -------------------  --------  ---------------------  ------  
                                                             CONSTRAINT              0.000                 20.833  1       
hf_osc/CLKHF                              HFOSC_HFOSC_R1C32  CLOCK LATENCY           0.000                 20.833  30      
segment_counter/int_osc                                      NET DELAY               5.499                 26.332  30      
{segment_counter/count__i26/CK   segment_counter/count__i27/CK}
                                                             CLOCK PIN               0.000                 26.332  1       
                                                             Uncertainty          -(0.000)                 26.332  
                                                             Setup time           -(0.198)                 26.134  
----------------------------------------  -----------------  -------------------  --------  ---------------------  ------  
Required Time                                                                                              26.134  
Arrival Time                                                                                            -(23.116)  
----------------------------------------  -----------------  -------------------  --------  ---------------------  ------  
Path Slack  (Passed)                                                                                        3.017  




++++ Path 3 ++++++++++++++++++++++++++++++++++++++++++++++++++++++++++ 

Path Begin       : segment_counter/count__i0/Q  (SLICE_R17C9A)
Path End         : segment_counter/count__i25/D  (SLICE_R16C11A)
Source Clock     : int_osc (R)
Destination Clock: int_osc (R)
Logic Level      : 28
Delay Ratio      : 45.4% (route), 54.6% (logic)
Clock Skew       : 0.000 ns 
Setup Constraint : 20.833 ns 
Path Slack       : 3.558 ns  (Passed)


Source Clock Path
Name                                      Cell/Site Name     Delay Name           Incr      Arrival/Required Time  Fanout  
----------------------------------------  -----------------  -------------------  --------  ---------------------  ------  
hf_osc/CLKHF                              HFOSC_HFOSC_R1C32  CLOCK LATENCY           0.000                  0.000  30      
segment_counter/int_osc                                      NET DELAY               5.499                  5.499  30      
{segment_counter/count__i1/CK   segment_counter/count__i0/CK}
                                                             CLOCK PIN               0.000                  5.499  1       


Data Path
Name                                      Cell/Site Name     Delay Name           Incr      Arrival/Required Time  Fanout  
----------------------------------------  -----------------  -------------------  --------  ---------------------  ------  
segment_counter/count__i0/CK->segment_counter/count__i0/Q
                                          SLICE_R17C9A       CLK_TO_Q1_DELAY         1.388                  6.887  2       
segment_counter/count[0]                                     NET DELAY               3.265                 10.152  2       
segment_counter/add_7_add_5_1/B1->segment_counter/add_7_add_5_1/CO1
                                          SLICE_R15C8A       B1_TO_COUT1_DELAY       0.357                 10.509  2       
segment_counter/n816                                         NET DELAY               0.000                 10.509  2       
segment_counter/add_7_add_5_3/CI0->segment_counter/add_7_add_5_3/CO0
                                          SLICE_R15C8B       CIN0_TO_COUT0_DELAY     0.277                 10.786  2       
segment_counter/n1717                                        NET DELAY               0.000                 10.786  2       
segment_counter/add_7_add_5_3/CI1->segment_counter/add_7_add_5_3/CO1
                                          SLICE_R15C8B       CIN1_TO_COUT1_DELAY     0.277                 11.063  2       
segment_counter/n818                                         NET DELAY               0.000                 11.063  2       
segment_counter/add_7_add_5_5/CI0->segment_counter/add_7_add_5_5/CO0
                                          SLICE_R15C8C       CIN0_TO_COUT0_DELAY     0.277                 11.340  2       
segment_counter/n1720                                        NET DELAY               0.000                 11.340  2       
segment_counter/add_7_add_5_5/CI1->segment_counter/add_7_add_5_5/CO1
                                          SLICE_R15C8C       CIN1_TO_COUT1_DELAY     0.277                 11.617  2       
segment_counter/n820                                         NET DELAY               0.000                 11.617  2       
segment_counter/add_7_add_5_7/CI0->segment_counter/add_7_add_5_7/CO0
                                          SLICE_R15C8D       CIN0_TO_COUT0_DELAY     0.277                 11.894  2       
segment_counter/n1723                                        NET DELAY               0.000                 11.894  2       
segment_counter/add_7_add_5_7/CI1->segment_counter/add_7_add_5_7/CO1
                                          SLICE_R15C8D       CIN1_TO_COUT1_DELAY     0.277                 12.171  2       
segment_counter/n822                                         NET DELAY               0.555                 12.726  2       
segment_counter/add_7_add_5_9/CI0->segment_counter/add_7_add_5_9/CO0
                                          SLICE_R15C9A       CIN0_TO_COUT0_DELAY     0.277                 13.003  2       
segment_counter/n1726                                        NET DELAY               0.000                 13.003  2       
segment_counter/add_7_add_5_9/CI1->segment_counter/add_7_add_5_9/CO1
                                          SLICE_R15C9A       CIN1_TO_COUT1_DELAY     0.277                 13.280  2       
segment_counter/n824                                         NET DELAY               0.000                 13.280  2       
segment_counter/add_7_add_5_11/CI0->segment_counter/add_7_add_5_11/CO0
                                          SLICE_R15C9B       CIN0_TO_COUT0_DELAY     0.277                 13.557  2       
segment_counter/n1729                                        NET DELAY               0.000                 13.557  2       
segment_counter/add_7_add_5_11/CI1->segment_counter/add_7_add_5_11/CO1
                                          SLICE_R15C9B       CIN1_TO_COUT1_DELAY     0.277                 13.834  2       
segment_counter/n826                                         NET DELAY               0.000                 13.834  2       
segment_counter/add_7_add_5_13/CI0->segment_counter/add_7_add_5_13/CO0
                                          SLICE_R15C9C       CIN0_TO_COUT0_DELAY     0.277                 14.111  2       
segment_counter/n1732                                        NET DELAY               0.000                 14.111  2       
segment_counter/add_7_add_5_13/CI1->segment_counter/add_7_add_5_13/CO1
                                          SLICE_R15C9C       CIN1_TO_COUT1_DELAY     0.277                 14.388  2       
segment_counter/n828                                         NET DELAY               0.000                 14.388  2       
segment_counter/add_7_add_5_15/CI0->segment_counter/add_7_add_5_15/CO0
                                          SLICE_R15C9D       CIN0_TO_COUT0_DELAY     0.277                 14.665  2       
segment_counter/n1735                                        NET DELAY               0.000                 14.665  2       
segment_counter/add_7_add_5_15/CI1->segment_counter/add_7_add_5_15/CO1
                                          SLICE_R15C9D       CIN1_TO_COUT1_DELAY     0.277                 14.942  2       
segment_counter/n830                                         NET DELAY               0.555                 15.497  2       
segment_counter/add_7_add_5_17/CI0->segment_counter/add_7_add_5_17/CO0
                                          SLICE_R15C10A      CIN0_TO_COUT0_DELAY     0.277                 15.774  2       
segment_counter/n1738                                        NET DELAY               0.000                 15.774  2       
segment_counter/add_7_add_5_17/CI1->segment_counter/add_7_add_5_17/CO1
                                          SLICE_R15C10A      CIN1_TO_COUT1_DELAY     0.277                 16.051  2       
segment_counter/n832                                         NET DELAY               0.000                 16.051  2       
segment_counter/add_7_add_5_19/CI0->segment_counter/add_7_add_5_19/CO0
                                          SLICE_R15C10B      CIN0_TO_COUT0_DELAY     0.277                 16.328  2       
segment_counter/n1741                                        NET DELAY               0.000                 16.328  2       
segment_counter/add_7_add_5_19/CI1->segment_counter/add_7_add_5_19/CO1
                                          SLICE_R15C10B      CIN1_TO_COUT1_DELAY     0.277                 16.605  2       
segment_counter/n834                                         NET DELAY               0.000                 16.605  2       
segment_counter/add_7_add_5_21/CI0->segment_counter/add_7_add_5_21/CO0
                                          SLICE_R15C10C      CIN0_TO_COUT0_DELAY     0.277                 16.882  2       
segment_counter/n1744                                        NET DELAY               0.000                 16.882  2       
segment_counter/add_7_add_5_21/CI1->segment_counter/add_7_add_5_21/CO1
                                          SLICE_R15C10C      CIN1_TO_COUT1_DELAY     0.277                 17.159  2       
segment_counter/n836                                         NET DELAY               0.000                 17.159  2       
segment_counter/add_7_add_5_23/CI0->segment_counter/add_7_add_5_23/CO0
                                          SLICE_R15C10D      CIN0_TO_COUT0_DELAY     0.277                 17.436  2       
segment_counter/n1747                                        NET DELAY               0.000                 17.436  2       
segment_counter/add_7_add_5_23/CI1->segment_counter/add_7_add_5_23/CO1
                                          SLICE_R15C10D      CIN1_TO_COUT1_DELAY     0.277                 17.713  2       
segment_counter/n838                                         NET DELAY               0.555                 18.268  2       
segment_counter/add_7_add_5_25/CI0->segment_counter/add_7_add_5_25/CO0
                                          SLICE_R15C11A      CIN0_TO_COUT0_DELAY     0.277                 18.545  2       
segment_counter/n1750                                        NET DELAY               0.000                 18.545  2       
segment_counter/add_7_add_5_25/CI1->segment_counter/add_7_add_5_25/CO1
                                          SLICE_R15C11A      CIN1_TO_COUT1_DELAY     0.277                 18.822  2       
segment_counter/n840                                         NET DELAY               0.661                 19.483  2       
segment_counter/add_7_add_5_27/D0->segment_counter/add_7_add_5_27/S0
                                          SLICE_R15C11B      D0_TO_F0_DELAY          0.449                 19.932  1       
segment_counter/n147[25]                                     NET DELAY               2.168                 22.100  1       
segment_counter/i547_2_lut/A->segment_counter/i547_2_lut/Z
                                          SLICE_R16C11A      D0_TO_F0_DELAY          0.476                 22.576  1       
segment_counter/n37[25]                                      NET DELAY               0.000                 22.576  1       
segment_counter/count__i25/D                                 ENDPOINT                0.000                 22.576  1       


Destination Clock Path
Name                                      Cell/Site Name     Delay Name           Incr      Arrival/Required Time  Fanout  
----------------------------------------  -----------------  -------------------  --------  ---------------------  ------  
                                                             CONSTRAINT              0.000                 20.833  1       
hf_osc/CLKHF                              HFOSC_HFOSC_R1C32  CLOCK LATENCY           0.000                 20.833  30      
segment_counter/int_osc                                      NET DELAY               5.499                 26.332  30      
{segment_counter/count__i25/CK   segment_counter/count__i24/CK}
                                                             CLOCK PIN               0.000                 26.332  1       
                                                             Uncertainty          -(0.000)                 26.332  
                                                             Setup time           -(0.198)                 26.134  
----------------------------------------  -----------------  -------------------  --------  ---------------------  ------  
Required Time                                                                                              26.134  
Arrival Time                                                                                            -(22.575)  
----------------------------------------  -----------------  -------------------  --------  ---------------------  ------  
Path Slack  (Passed)                                                                                        3.558  




++++ Path 4 ++++++++++++++++++++++++++++++++++++++++++++++++++++++++++ 

Path Begin       : segment_counter/count__i0/Q  (SLICE_R17C9A)
Path End         : segment_counter/count__i24/D  (SLICE_R16C11A)
Source Clock     : int_osc (R)
Destination Clock: int_osc (R)
Logic Level      : 27
Delay Ratio      : 47.0% (route), 53.0% (logic)
Clock Skew       : 0.000 ns 
Setup Constraint : 20.833 ns 
Path Slack       : 3.571 ns  (Passed)


Source Clock Path
Name                                      Cell/Site Name     Delay Name           Incr      Arrival/Required Time  Fanout  
----------------------------------------  -----------------  -------------------  --------  ---------------------  ------  
hf_osc/CLKHF                              HFOSC_HFOSC_R1C32  CLOCK LATENCY           0.000                  0.000  30      
segment_counter/int_osc                                      NET DELAY               5.499                  5.499  30      
{segment_counter/count__i1/CK   segment_counter/count__i0/CK}
                                                             CLOCK PIN               0.000                  5.499  1       


Data Path
Name                                      Cell/Site Name     Delay Name           Incr      Arrival/Required Time  Fanout  
----------------------------------------  -----------------  -------------------  --------  ---------------------  ------  
segment_counter/count__i0/CK->segment_counter/count__i0/Q
                                          SLICE_R17C9A       CLK_TO_Q1_DELAY         1.388                  6.887  2       
segment_counter/count[0]                                     NET DELAY               3.265                 10.152  2       
segment_counter/add_7_add_5_1/B1->segment_counter/add_7_add_5_1/CO1
                                          SLICE_R15C8A       B1_TO_COUT1_DELAY       0.357                 10.509  2       
segment_counter/n816                                         NET DELAY               0.000                 10.509  2       
segment_counter/add_7_add_5_3/CI0->segment_counter/add_7_add_5_3/CO0
                                          SLICE_R15C8B       CIN0_TO_COUT0_DELAY     0.277                 10.786  2       
segment_counter/n1717                                        NET DELAY               0.000                 10.786  2       
segment_counter/add_7_add_5_3/CI1->segment_counter/add_7_add_5_3/CO1
                                          SLICE_R15C8B       CIN1_TO_COUT1_DELAY     0.277                 11.063  2       
segment_counter/n818                                         NET DELAY               0.000                 11.063  2       
segment_counter/add_7_add_5_5/CI0->segment_counter/add_7_add_5_5/CO0
                                          SLICE_R15C8C       CIN0_TO_COUT0_DELAY     0.277                 11.340  2       
segment_counter/n1720                                        NET DELAY               0.000                 11.340  2       
segment_counter/add_7_add_5_5/CI1->segment_counter/add_7_add_5_5/CO1
                                          SLICE_R15C8C       CIN1_TO_COUT1_DELAY     0.277                 11.617  2       
segment_counter/n820                                         NET DELAY               0.000                 11.617  2       
segment_counter/add_7_add_5_7/CI0->segment_counter/add_7_add_5_7/CO0
                                          SLICE_R15C8D       CIN0_TO_COUT0_DELAY     0.277                 11.894  2       
segment_counter/n1723                                        NET DELAY               0.000                 11.894  2       
segment_counter/add_7_add_5_7/CI1->segment_counter/add_7_add_5_7/CO1
                                          SLICE_R15C8D       CIN1_TO_COUT1_DELAY     0.277                 12.171  2       
segment_counter/n822                                         NET DELAY               0.555                 12.726  2       
segment_counter/add_7_add_5_9/CI0->segment_counter/add_7_add_5_9/CO0
                                          SLICE_R15C9A       CIN0_TO_COUT0_DELAY     0.277                 13.003  2       
segment_counter/n1726                                        NET DELAY               0.000                 13.003  2       
segment_counter/add_7_add_5_9/CI1->segment_counter/add_7_add_5_9/CO1
                                          SLICE_R15C9A       CIN1_TO_COUT1_DELAY     0.277                 13.280  2       
segment_counter/n824                                         NET DELAY               0.000                 13.280  2       
segment_counter/add_7_add_5_11/CI0->segment_counter/add_7_add_5_11/CO0
                                          SLICE_R15C9B       CIN0_TO_COUT0_DELAY     0.277                 13.557  2       
segment_counter/n1729                                        NET DELAY               0.000                 13.557  2       
segment_counter/add_7_add_5_11/CI1->segment_counter/add_7_add_5_11/CO1
                                          SLICE_R15C9B       CIN1_TO_COUT1_DELAY     0.277                 13.834  2       
segment_counter/n826                                         NET DELAY               0.000                 13.834  2       
segment_counter/add_7_add_5_13/CI0->segment_counter/add_7_add_5_13/CO0
                                          SLICE_R15C9C       CIN0_TO_COUT0_DELAY     0.277                 14.111  2       
segment_counter/n1732                                        NET DELAY               0.000                 14.111  2       
segment_counter/add_7_add_5_13/CI1->segment_counter/add_7_add_5_13/CO1
                                          SLICE_R15C9C       CIN1_TO_COUT1_DELAY     0.277                 14.388  2       
segment_counter/n828                                         NET DELAY               0.000                 14.388  2       
segment_counter/add_7_add_5_15/CI0->segment_counter/add_7_add_5_15/CO0
                                          SLICE_R15C9D       CIN0_TO_COUT0_DELAY     0.277                 14.665  2       
segment_counter/n1735                                        NET DELAY               0.000                 14.665  2       
segment_counter/add_7_add_5_15/CI1->segment_counter/add_7_add_5_15/CO1
                                          SLICE_R15C9D       CIN1_TO_COUT1_DELAY     0.277                 14.942  2       
segment_counter/n830                                         NET DELAY               0.555                 15.497  2       
segment_counter/add_7_add_5_17/CI0->segment_counter/add_7_add_5_17/CO0
                                          SLICE_R15C10A      CIN0_TO_COUT0_DELAY     0.277                 15.774  2       
segment_counter/n1738                                        NET DELAY               0.000                 15.774  2       
segment_counter/add_7_add_5_17/CI1->segment_counter/add_7_add_5_17/CO1
                                          SLICE_R15C10A      CIN1_TO_COUT1_DELAY     0.277                 16.051  2       
segment_counter/n832                                         NET DELAY               0.000                 16.051  2       
segment_counter/add_7_add_5_19/CI0->segment_counter/add_7_add_5_19/CO0
                                          SLICE_R15C10B      CIN0_TO_COUT0_DELAY     0.277                 16.328  2       
segment_counter/n1741                                        NET DELAY               0.000                 16.328  2       
segment_counter/add_7_add_5_19/CI1->segment_counter/add_7_add_5_19/CO1
                                          SLICE_R15C10B      CIN1_TO_COUT1_DELAY     0.277                 16.605  2       
segment_counter/n834                                         NET DELAY               0.000                 16.605  2       
segment_counter/add_7_add_5_21/CI0->segment_counter/add_7_add_5_21/CO0
                                          SLICE_R15C10C      CIN0_TO_COUT0_DELAY     0.277                 16.882  2       
segment_counter/n1744                                        NET DELAY               0.000                 16.882  2       
segment_counter/add_7_add_5_21/CI1->segment_counter/add_7_add_5_21/CO1
                                          SLICE_R15C10C      CIN1_TO_COUT1_DELAY     0.277                 17.159  2       
segment_counter/n836                                         NET DELAY               0.000                 17.159  2       
segment_counter/add_7_add_5_23/CI0->segment_counter/add_7_add_5_23/CO0
                                          SLICE_R15C10D      CIN0_TO_COUT0_DELAY     0.277                 17.436  2       
segment_counter/n1747                                        NET DELAY               0.000                 17.436  2       
segment_counter/add_7_add_5_23/CI1->segment_counter/add_7_add_5_23/CO1
                                          SLICE_R15C10D      CIN1_TO_COUT1_DELAY     0.277                 17.713  2       
segment_counter/n838                                         NET DELAY               0.555                 18.268  2       
segment_counter/add_7_add_5_25/CI0->segment_counter/add_7_add_5_25/CO0
                                          SLICE_R15C11A      CIN0_TO_COUT0_DELAY     0.277                 18.545  2       
segment_counter/n1750                                        NET DELAY               0.661                 19.206  2       
segment_counter/add_7_add_5_25/D1->segment_counter/add_7_add_5_25/S1
                                          SLICE_R15C11A      D1_TO_F1_DELAY          0.449                 19.655  1       
segment_counter/n147[24]                                     NET DELAY               2.432                 22.087  1       
segment_counter/i548_2_lut/A->segment_counter/i548_2_lut/Z
                                          SLICE_R16C11A      C1_TO_F1_DELAY          0.476                 22.563  1       
segment_counter/n37[24]                                      NET DELAY               0.000                 22.563  1       
segment_counter/count__i24/D                                 ENDPOINT                0.000                 22.563  1       


Destination Clock Path
Name                                      Cell/Site Name     Delay Name           Incr      Arrival/Required Time  Fanout  
----------------------------------------  -----------------  -------------------  --------  ---------------------  ------  
                                                             CONSTRAINT              0.000                 20.833  1       
hf_osc/CLKHF                              HFOSC_HFOSC_R1C32  CLOCK LATENCY           0.000                 20.833  30      
segment_counter/int_osc                                      NET DELAY               5.499                 26.332  30      
{segment_counter/count__i25/CK   segment_counter/count__i24/CK}
                                                             CLOCK PIN               0.000                 26.332  1       
                                                             Uncertainty          -(0.000)                 26.332  
                                                             Setup time           -(0.198)                 26.134  
----------------------------------------  -----------------  -------------------  --------  ---------------------  ------  
Required Time                                                                                              26.134  
Arrival Time                                                                                            -(22.562)  
----------------------------------------  -----------------  -------------------  --------  ---------------------  ------  
Path Slack  (Passed)                                                                                        3.571  




++++ Path 5 ++++++++++++++++++++++++++++++++++++++++++++++++++++++++++ 

Path Begin       : segment_counter/count__i0/Q  (SLICE_R17C9A)
Path End         : segment_counter/count__i23/D  (SLICE_R16C11B)
Source Clock     : int_osc (R)
Destination Clock: int_osc (R)
Logic Level      : 26
Delay Ratio      : 47.8% (route), 52.2% (logic)
Clock Skew       : 0.000 ns 
Setup Constraint : 20.833 ns 
Path Slack       : 3.848 ns  (Passed)


Source Clock Path
Name                                      Cell/Site Name     Delay Name           Incr      Arrival/Required Time  Fanout  
----------------------------------------  -----------------  -------------------  --------  ---------------------  ------  
hf_osc/CLKHF                              HFOSC_HFOSC_R1C32  CLOCK LATENCY           0.000                  0.000  30      
segment_counter/int_osc                                      NET DELAY               5.499                  5.499  30      
{segment_counter/count__i1/CK   segment_counter/count__i0/CK}
                                                             CLOCK PIN               0.000                  5.499  1       


Data Path
Name                                      Cell/Site Name     Delay Name           Incr      Arrival/Required Time  Fanout  
----------------------------------------  -----------------  -------------------  --------  ---------------------  ------  
segment_counter/count__i0/CK->segment_counter/count__i0/Q
                                          SLICE_R17C9A       CLK_TO_Q1_DELAY         1.388                  6.887  2       
segment_counter/count[0]                                     NET DELAY               3.265                 10.152  2       
segment_counter/add_7_add_5_1/B1->segment_counter/add_7_add_5_1/CO1
                                          SLICE_R15C8A       B1_TO_COUT1_DELAY       0.357                 10.509  2       
segment_counter/n816                                         NET DELAY               0.000                 10.509  2       
segment_counter/add_7_add_5_3/CI0->segment_counter/add_7_add_5_3/CO0
                                          SLICE_R15C8B       CIN0_TO_COUT0_DELAY     0.277                 10.786  2       
segment_counter/n1717                                        NET DELAY               0.000                 10.786  2       
segment_counter/add_7_add_5_3/CI1->segment_counter/add_7_add_5_3/CO1
                                          SLICE_R15C8B       CIN1_TO_COUT1_DELAY     0.277                 11.063  2       
segment_counter/n818                                         NET DELAY               0.000                 11.063  2       
segment_counter/add_7_add_5_5/CI0->segment_counter/add_7_add_5_5/CO0
                                          SLICE_R15C8C       CIN0_TO_COUT0_DELAY     0.277                 11.340  2       
segment_counter/n1720                                        NET DELAY               0.000                 11.340  2       
segment_counter/add_7_add_5_5/CI1->segment_counter/add_7_add_5_5/CO1
                                          SLICE_R15C8C       CIN1_TO_COUT1_DELAY     0.277                 11.617  2       
segment_counter/n820                                         NET DELAY               0.000                 11.617  2       
segment_counter/add_7_add_5_7/CI0->segment_counter/add_7_add_5_7/CO0
                                          SLICE_R15C8D       CIN0_TO_COUT0_DELAY     0.277                 11.894  2       
segment_counter/n1723                                        NET DELAY               0.000                 11.894  2       
segment_counter/add_7_add_5_7/CI1->segment_counter/add_7_add_5_7/CO1
                                          SLICE_R15C8D       CIN1_TO_COUT1_DELAY     0.277                 12.171  2       
segment_counter/n822                                         NET DELAY               0.555                 12.726  2       
segment_counter/add_7_add_5_9/CI0->segment_counter/add_7_add_5_9/CO0
                                          SLICE_R15C9A       CIN0_TO_COUT0_DELAY     0.277                 13.003  2       
segment_counter/n1726                                        NET DELAY               0.000                 13.003  2       
segment_counter/add_7_add_5_9/CI1->segment_counter/add_7_add_5_9/CO1
                                          SLICE_R15C9A       CIN1_TO_COUT1_DELAY     0.277                 13.280  2       
segment_counter/n824                                         NET DELAY               0.000                 13.280  2       
segment_counter/add_7_add_5_11/CI0->segment_counter/add_7_add_5_11/CO0
                                          SLICE_R15C9B       CIN0_TO_COUT0_DELAY     0.277                 13.557  2       
segment_counter/n1729                                        NET DELAY               0.000                 13.557  2       
segment_counter/add_7_add_5_11/CI1->segment_counter/add_7_add_5_11/CO1
                                          SLICE_R15C9B       CIN1_TO_COUT1_DELAY     0.277                 13.834  2       
segment_counter/n826                                         NET DELAY               0.000                 13.834  2       
segment_counter/add_7_add_5_13/CI0->segment_counter/add_7_add_5_13/CO0
                                          SLICE_R15C9C       CIN0_TO_COUT0_DELAY     0.277                 14.111  2       
segment_counter/n1732                                        NET DELAY               0.000                 14.111  2       
segment_counter/add_7_add_5_13/CI1->segment_counter/add_7_add_5_13/CO1
                                          SLICE_R15C9C       CIN1_TO_COUT1_DELAY     0.277                 14.388  2       
segment_counter/n828                                         NET DELAY               0.000                 14.388  2       
segment_counter/add_7_add_5_15/CI0->segment_counter/add_7_add_5_15/CO0
                                          SLICE_R15C9D       CIN0_TO_COUT0_DELAY     0.277                 14.665  2       
segment_counter/n1735                                        NET DELAY               0.000                 14.665  2       
segment_counter/add_7_add_5_15/CI1->segment_counter/add_7_add_5_15/CO1
                                          SLICE_R15C9D       CIN1_TO_COUT1_DELAY     0.277                 14.942  2       
segment_counter/n830                                         NET DELAY               0.555                 15.497  2       
segment_counter/add_7_add_5_17/CI0->segment_counter/add_7_add_5_17/CO0
                                          SLICE_R15C10A      CIN0_TO_COUT0_DELAY     0.277                 15.774  2       
segment_counter/n1738                                        NET DELAY               0.000                 15.774  2       
segment_counter/add_7_add_5_17/CI1->segment_counter/add_7_add_5_17/CO1
                                          SLICE_R15C10A      CIN1_TO_COUT1_DELAY     0.277                 16.051  2       
segment_counter/n832                                         NET DELAY               0.000                 16.051  2       
segment_counter/add_7_add_5_19/CI0->segment_counter/add_7_add_5_19/CO0
                                          SLICE_R15C10B      CIN0_TO_COUT0_DELAY     0.277                 16.328  2       
segment_counter/n1741                                        NET DELAY               0.000                 16.328  2       
segment_counter/add_7_add_5_19/CI1->segment_counter/add_7_add_5_19/CO1
                                          SLICE_R15C10B      CIN1_TO_COUT1_DELAY     0.277                 16.605  2       
segment_counter/n834                                         NET DELAY               0.000                 16.605  2       
segment_counter/add_7_add_5_21/CI0->segment_counter/add_7_add_5_21/CO0
                                          SLICE_R15C10C      CIN0_TO_COUT0_DELAY     0.277                 16.882  2       
segment_counter/n1744                                        NET DELAY               0.000                 16.882  2       
segment_counter/add_7_add_5_21/CI1->segment_counter/add_7_add_5_21/CO1
                                          SLICE_R15C10C      CIN1_TO_COUT1_DELAY     0.277                 17.159  2       
segment_counter/n836                                         NET DELAY               0.000                 17.159  2       
segment_counter/add_7_add_5_23/CI0->segment_counter/add_7_add_5_23/CO0
                                          SLICE_R15C10D      CIN0_TO_COUT0_DELAY     0.277                 17.436  2       
segment_counter/n1747                                        NET DELAY               0.000                 17.436  2       
segment_counter/add_7_add_5_23/CI1->segment_counter/add_7_add_5_23/CO1
                                          SLICE_R15C10D      CIN1_TO_COUT1_DELAY     0.277                 17.713  2       
segment_counter/n838                                         NET DELAY               1.216                 18.929  2       
segment_counter/add_7_add_5_25/D0->segment_counter/add_7_add_5_25/S0
                                          SLICE_R15C11A      D0_TO_F0_DELAY          0.449                 19.378  1       
segment_counter/n147[23]                                     NET DELAY               2.432                 21.810  1       
segment_counter/i550_2_lut/A->segment_counter/i550_2_lut/Z
                                          SLICE_R16C11B      C0_TO_F0_DELAY          0.476                 22.286  1       
segment_counter/n37[23]                                      NET DELAY               0.000                 22.286  1       
segment_counter/count__i23/D                                 ENDPOINT                0.000                 22.286  1       


Destination Clock Path
Name                                      Cell/Site Name     Delay Name           Incr      Arrival/Required Time  Fanout  
----------------------------------------  -----------------  -------------------  --------  ---------------------  ------  
                                                             CONSTRAINT              0.000                 20.833  1       
hf_osc/CLKHF                              HFOSC_HFOSC_R1C32  CLOCK LATENCY           0.000                 20.833  30      
segment_counter/int_osc                                      NET DELAY               5.499                 26.332  30      
{segment_counter/count__i23/CK   segment_counter/count__i22/CK}
                                                             CLOCK PIN               0.000                 26.332  1       
                                                             Uncertainty          -(0.000)                 26.332  
                                                             Setup time           -(0.198)                 26.134  
----------------------------------------  -----------------  -------------------  --------  ---------------------  ------  
Required Time                                                                                              26.134  
Arrival Time                                                                                            -(22.285)  
----------------------------------------  -----------------  -------------------  --------  ---------------------  ------  
Path Slack  (Passed)                                                                                        3.848  




++++ Path 6 ++++++++++++++++++++++++++++++++++++++++++++++++++++++++++ 

Path Begin       : segment_counter/count__i0/Q  (SLICE_R17C9A)
Path End         : segment_counter/count__i21/D  (SLICE_R17C10A)
Source Clock     : int_osc (R)
Destination Clock: int_osc (R)
Logic Level      : 24
Delay Ratio      : 49.5% (route), 50.5% (logic)
Clock Skew       : 0.000 ns 
Setup Constraint : 20.833 ns 
Path Slack       : 4.362 ns  (Passed)


Source Clock Path
Name                                      Cell/Site Name     Delay Name           Incr      Arrival/Required Time  Fanout  
----------------------------------------  -----------------  -------------------  --------  ---------------------  ------  
hf_osc/CLKHF                              HFOSC_HFOSC_R1C32  CLOCK LATENCY           0.000                  0.000  30      
segment_counter/int_osc                                      NET DELAY               5.499                  5.499  30      
{segment_counter/count__i1/CK   segment_counter/count__i0/CK}
                                                             CLOCK PIN               0.000                  5.499  1       


Data Path
Name                                      Cell/Site Name     Delay Name           Incr      Arrival/Required Time  Fanout  
----------------------------------------  -----------------  -------------------  --------  ---------------------  ------  
segment_counter/count__i0/CK->segment_counter/count__i0/Q
                                          SLICE_R17C9A       CLK_TO_Q1_DELAY         1.388                  6.887  2       
segment_counter/count[0]                                     NET DELAY               3.265                 10.152  2       
segment_counter/add_7_add_5_1/B1->segment_counter/add_7_add_5_1/CO1
                                          SLICE_R15C8A       B1_TO_COUT1_DELAY       0.357                 10.509  2       
segment_counter/n816                                         NET DELAY               0.000                 10.509  2       
segment_counter/add_7_add_5_3/CI0->segment_counter/add_7_add_5_3/CO0
                                          SLICE_R15C8B       CIN0_TO_COUT0_DELAY     0.277                 10.786  2       
segment_counter/n1717                                        NET DELAY               0.000                 10.786  2       
segment_counter/add_7_add_5_3/CI1->segment_counter/add_7_add_5_3/CO1
                                          SLICE_R15C8B       CIN1_TO_COUT1_DELAY     0.277                 11.063  2       
segment_counter/n818                                         NET DELAY               0.000                 11.063  2       
segment_counter/add_7_add_5_5/CI0->segment_counter/add_7_add_5_5/CO0
                                          SLICE_R15C8C       CIN0_TO_COUT0_DELAY     0.277                 11.340  2       
segment_counter/n1720                                        NET DELAY               0.000                 11.340  2       
segment_counter/add_7_add_5_5/CI1->segment_counter/add_7_add_5_5/CO1
                                          SLICE_R15C8C       CIN1_TO_COUT1_DELAY     0.277                 11.617  2       
segment_counter/n820                                         NET DELAY               0.000                 11.617  2       
segment_counter/add_7_add_5_7/CI0->segment_counter/add_7_add_5_7/CO0
                                          SLICE_R15C8D       CIN0_TO_COUT0_DELAY     0.277                 11.894  2       
segment_counter/n1723                                        NET DELAY               0.000                 11.894  2       
segment_counter/add_7_add_5_7/CI1->segment_counter/add_7_add_5_7/CO1
                                          SLICE_R15C8D       CIN1_TO_COUT1_DELAY     0.277                 12.171  2       
segment_counter/n822                                         NET DELAY               0.555                 12.726  2       
segment_counter/add_7_add_5_9/CI0->segment_counter/add_7_add_5_9/CO0
                                          SLICE_R15C9A       CIN0_TO_COUT0_DELAY     0.277                 13.003  2       
segment_counter/n1726                                        NET DELAY               0.000                 13.003  2       
segment_counter/add_7_add_5_9/CI1->segment_counter/add_7_add_5_9/CO1
                                          SLICE_R15C9A       CIN1_TO_COUT1_DELAY     0.277                 13.280  2       
segment_counter/n824                                         NET DELAY               0.000                 13.280  2       
segment_counter/add_7_add_5_11/CI0->segment_counter/add_7_add_5_11/CO0
                                          SLICE_R15C9B       CIN0_TO_COUT0_DELAY     0.277                 13.557  2       
segment_counter/n1729                                        NET DELAY               0.000                 13.557  2       
segment_counter/add_7_add_5_11/CI1->segment_counter/add_7_add_5_11/CO1
                                          SLICE_R15C9B       CIN1_TO_COUT1_DELAY     0.277                 13.834  2       
segment_counter/n826                                         NET DELAY               0.000                 13.834  2       
segment_counter/add_7_add_5_13/CI0->segment_counter/add_7_add_5_13/CO0
                                          SLICE_R15C9C       CIN0_TO_COUT0_DELAY     0.277                 14.111  2       
segment_counter/n1732                                        NET DELAY               0.000                 14.111  2       
segment_counter/add_7_add_5_13/CI1->segment_counter/add_7_add_5_13/CO1
                                          SLICE_R15C9C       CIN1_TO_COUT1_DELAY     0.277                 14.388  2       
segment_counter/n828                                         NET DELAY               0.000                 14.388  2       
segment_counter/add_7_add_5_15/CI0->segment_counter/add_7_add_5_15/CO0
                                          SLICE_R15C9D       CIN0_TO_COUT0_DELAY     0.277                 14.665  2       
segment_counter/n1735                                        NET DELAY               0.000                 14.665  2       
segment_counter/add_7_add_5_15/CI1->segment_counter/add_7_add_5_15/CO1
                                          SLICE_R15C9D       CIN1_TO_COUT1_DELAY     0.277                 14.942  2       
segment_counter/n830                                         NET DELAY               0.555                 15.497  2       
segment_counter/add_7_add_5_17/CI0->segment_counter/add_7_add_5_17/CO0
                                          SLICE_R15C10A      CIN0_TO_COUT0_DELAY     0.277                 15.774  2       
segment_counter/n1738                                        NET DELAY               0.000                 15.774  2       
segment_counter/add_7_add_5_17/CI1->segment_counter/add_7_add_5_17/CO1
                                          SLICE_R15C10A      CIN1_TO_COUT1_DELAY     0.277                 16.051  2       
segment_counter/n832                                         NET DELAY               0.000                 16.051  2       
segment_counter/add_7_add_5_19/CI0->segment_counter/add_7_add_5_19/CO0
                                          SLICE_R15C10B      CIN0_TO_COUT0_DELAY     0.277                 16.328  2       
segment_counter/n1741                                        NET DELAY               0.000                 16.328  2       
segment_counter/add_7_add_5_19/CI1->segment_counter/add_7_add_5_19/CO1
                                          SLICE_R15C10B      CIN1_TO_COUT1_DELAY     0.277                 16.605  2       
segment_counter/n834                                         NET DELAY               0.000                 16.605  2       
segment_counter/add_7_add_5_21/CI0->segment_counter/add_7_add_5_21/CO0
                                          SLICE_R15C10C      CIN0_TO_COUT0_DELAY     0.277                 16.882  2       
segment_counter/n1744                                        NET DELAY               0.000                 16.882  2       
segment_counter/add_7_add_5_21/CI1->segment_counter/add_7_add_5_21/CO1
                                          SLICE_R15C10C      CIN1_TO_COUT1_DELAY     0.277                 17.159  2       
segment_counter/n836                                         NET DELAY               0.661                 17.820  2       
segment_counter/add_7_add_5_23/D0->segment_counter/add_7_add_5_23/S0
                                          SLICE_R15C10D      D0_TO_F0_DELAY          0.449                 18.269  1       
segment_counter/n147[21]                                     NET DELAY               3.027                 21.296  1       
segment_counter/i552_2_lut/A->segment_counter/i552_2_lut/Z
                                          SLICE_R17C10A      C0_TO_F0_DELAY          0.476                 21.772  1       
segment_counter/n37[21]                                      NET DELAY               0.000                 21.772  1       
segment_counter/count__i21/D                                 ENDPOINT                0.000                 21.772  1       


Destination Clock Path
Name                                      Cell/Site Name     Delay Name           Incr      Arrival/Required Time  Fanout  
----------------------------------------  -----------------  -------------------  --------  ---------------------  ------  
                                                             CONSTRAINT              0.000                 20.833  1       
hf_osc/CLKHF                              HFOSC_HFOSC_R1C32  CLOCK LATENCY           0.000                 20.833  30      
segment_counter/int_osc                                      NET DELAY               5.499                 26.332  30      
{segment_counter/count__i21/CK   segment_counter/count__i20/CK}
                                                             CLOCK PIN               0.000                 26.332  1       
                                                             Uncertainty          -(0.000)                 26.332  
                                                             Setup time           -(0.198)                 26.134  
----------------------------------------  -----------------  -------------------  --------  ---------------------  ------  
Required Time                                                                                              26.134  
Arrival Time                                                                                            -(21.771)  
----------------------------------------  -----------------  -------------------  --------  ---------------------  ------  
Path Slack  (Passed)                                                                                        4.362  




++++ Path 7 ++++++++++++++++++++++++++++++++++++++++++++++++++++++++++ 

Path Begin       : segment_counter/count__i0/Q  (SLICE_R17C9A)
Path End         : segment_counter/count__i20/D  (SLICE_R17C10A)
Source Clock     : int_osc (R)
Destination Clock: int_osc (R)
Logic Level      : 23
Delay Ratio      : 50.4% (route), 49.6% (logic)
Clock Skew       : 0.000 ns 
Setup Constraint : 20.833 ns 
Path Slack       : 4.639 ns  (Passed)


Source Clock Path
Name                                      Cell/Site Name     Delay Name           Incr      Arrival/Required Time  Fanout  
----------------------------------------  -----------------  -------------------  --------  ---------------------  ------  
hf_osc/CLKHF                              HFOSC_HFOSC_R1C32  CLOCK LATENCY           0.000                  0.000  30      
segment_counter/int_osc                                      NET DELAY               5.499                  5.499  30      
{segment_counter/count__i1/CK   segment_counter/count__i0/CK}
                                                             CLOCK PIN               0.000                  5.499  1       


Data Path
Name                                      Cell/Site Name     Delay Name           Incr      Arrival/Required Time  Fanout  
----------------------------------------  -----------------  -------------------  --------  ---------------------  ------  
segment_counter/count__i0/CK->segment_counter/count__i0/Q
                                          SLICE_R17C9A       CLK_TO_Q1_DELAY         1.388                  6.887  2       
segment_counter/count[0]                                     NET DELAY               3.265                 10.152  2       
segment_counter/add_7_add_5_1/B1->segment_counter/add_7_add_5_1/CO1
                                          SLICE_R15C8A       B1_TO_COUT1_DELAY       0.357                 10.509  2       
segment_counter/n816                                         NET DELAY               0.000                 10.509  2       
segment_counter/add_7_add_5_3/CI0->segment_counter/add_7_add_5_3/CO0
                                          SLICE_R15C8B       CIN0_TO_COUT0_DELAY     0.277                 10.786  2       
segment_counter/n1717                                        NET DELAY               0.000                 10.786  2       
segment_counter/add_7_add_5_3/CI1->segment_counter/add_7_add_5_3/CO1
                                          SLICE_R15C8B       CIN1_TO_COUT1_DELAY     0.277                 11.063  2       
segment_counter/n818                                         NET DELAY               0.000                 11.063  2       
segment_counter/add_7_add_5_5/CI0->segment_counter/add_7_add_5_5/CO0
                                          SLICE_R15C8C       CIN0_TO_COUT0_DELAY     0.277                 11.340  2       
segment_counter/n1720                                        NET DELAY               0.000                 11.340  2       
segment_counter/add_7_add_5_5/CI1->segment_counter/add_7_add_5_5/CO1
                                          SLICE_R15C8C       CIN1_TO_COUT1_DELAY     0.277                 11.617  2       
segment_counter/n820                                         NET DELAY               0.000                 11.617  2       
segment_counter/add_7_add_5_7/CI0->segment_counter/add_7_add_5_7/CO0
                                          SLICE_R15C8D       CIN0_TO_COUT0_DELAY     0.277                 11.894  2       
segment_counter/n1723                                        NET DELAY               0.000                 11.894  2       
segment_counter/add_7_add_5_7/CI1->segment_counter/add_7_add_5_7/CO1
                                          SLICE_R15C8D       CIN1_TO_COUT1_DELAY     0.277                 12.171  2       
segment_counter/n822                                         NET DELAY               0.555                 12.726  2       
segment_counter/add_7_add_5_9/CI0->segment_counter/add_7_add_5_9/CO0
                                          SLICE_R15C9A       CIN0_TO_COUT0_DELAY     0.277                 13.003  2       
segment_counter/n1726                                        NET DELAY               0.000                 13.003  2       
segment_counter/add_7_add_5_9/CI1->segment_counter/add_7_add_5_9/CO1
                                          SLICE_R15C9A       CIN1_TO_COUT1_DELAY     0.277                 13.280  2       
segment_counter/n824                                         NET DELAY               0.000                 13.280  2       
segment_counter/add_7_add_5_11/CI0->segment_counter/add_7_add_5_11/CO0
                                          SLICE_R15C9B       CIN0_TO_COUT0_DELAY     0.277                 13.557  2       
segment_counter/n1729                                        NET DELAY               0.000                 13.557  2       
segment_counter/add_7_add_5_11/CI1->segment_counter/add_7_add_5_11/CO1
                                          SLICE_R15C9B       CIN1_TO_COUT1_DELAY     0.277                 13.834  2       
segment_counter/n826                                         NET DELAY               0.000                 13.834  2       
segment_counter/add_7_add_5_13/CI0->segment_counter/add_7_add_5_13/CO0
                                          SLICE_R15C9C       CIN0_TO_COUT0_DELAY     0.277                 14.111  2       
segment_counter/n1732                                        NET DELAY               0.000                 14.111  2       
segment_counter/add_7_add_5_13/CI1->segment_counter/add_7_add_5_13/CO1
                                          SLICE_R15C9C       CIN1_TO_COUT1_DELAY     0.277                 14.388  2       
segment_counter/n828                                         NET DELAY               0.000                 14.388  2       
segment_counter/add_7_add_5_15/CI0->segment_counter/add_7_add_5_15/CO0
                                          SLICE_R15C9D       CIN0_TO_COUT0_DELAY     0.277                 14.665  2       
segment_counter/n1735                                        NET DELAY               0.000                 14.665  2       
segment_counter/add_7_add_5_15/CI1->segment_counter/add_7_add_5_15/CO1
                                          SLICE_R15C9D       CIN1_TO_COUT1_DELAY     0.277                 14.942  2       
segment_counter/n830                                         NET DELAY               0.555                 15.497  2       
segment_counter/add_7_add_5_17/CI0->segment_counter/add_7_add_5_17/CO0
                                          SLICE_R15C10A      CIN0_TO_COUT0_DELAY     0.277                 15.774  2       
segment_counter/n1738                                        NET DELAY               0.000                 15.774  2       
segment_counter/add_7_add_5_17/CI1->segment_counter/add_7_add_5_17/CO1
                                          SLICE_R15C10A      CIN1_TO_COUT1_DELAY     0.277                 16.051  2       
segment_counter/n832                                         NET DELAY               0.000                 16.051  2       
segment_counter/add_7_add_5_19/CI0->segment_counter/add_7_add_5_19/CO0
                                          SLICE_R15C10B      CIN0_TO_COUT0_DELAY     0.277                 16.328  2       
segment_counter/n1741                                        NET DELAY               0.000                 16.328  2       
segment_counter/add_7_add_5_19/CI1->segment_counter/add_7_add_5_19/CO1
                                          SLICE_R15C10B      CIN1_TO_COUT1_DELAY     0.277                 16.605  2       
segment_counter/n834                                         NET DELAY               0.000                 16.605  2       
segment_counter/add_7_add_5_21/CI0->segment_counter/add_7_add_5_21/CO0
                                          SLICE_R15C10C      CIN0_TO_COUT0_DELAY     0.277                 16.882  2       
segment_counter/n1744                                        NET DELAY               0.661                 17.543  2       
segment_counter/add_7_add_5_21/D1->segment_counter/add_7_add_5_21/S1
                                          SLICE_R15C10C      D1_TO_F1_DELAY          0.449                 17.992  1       
segment_counter/n147[20]                                     NET DELAY               3.027                 21.019  1       
segment_counter/i553_2_lut/A->segment_counter/i553_2_lut/Z
                                          SLICE_R17C10A      C1_TO_F1_DELAY          0.476                 21.495  1       
segment_counter/n37[20]                                      NET DELAY               0.000                 21.495  1       
segment_counter/count__i20/D                                 ENDPOINT                0.000                 21.495  1       


Destination Clock Path
Name                                      Cell/Site Name     Delay Name           Incr      Arrival/Required Time  Fanout  
----------------------------------------  -----------------  -------------------  --------  ---------------------  ------  
                                                             CONSTRAINT              0.000                 20.833  1       
hf_osc/CLKHF                              HFOSC_HFOSC_R1C32  CLOCK LATENCY           0.000                 20.833  30      
segment_counter/int_osc                                      NET DELAY               5.499                 26.332  30      
{segment_counter/count__i21/CK   segment_counter/count__i20/CK}
                                                             CLOCK PIN               0.000                 26.332  1       
                                                             Uncertainty          -(0.000)                 26.332  
                                                             Setup time           -(0.198)                 26.134  
----------------------------------------  -----------------  -------------------  --------  ---------------------  ------  
Required Time                                                                                              26.134  
Arrival Time                                                                                            -(21.494)  
----------------------------------------  -----------------  -------------------  --------  ---------------------  ------  
Path Slack  (Passed)                                                                                        4.639  




++++ Path 8 ++++++++++++++++++++++++++++++++++++++++++++++++++++++++++ 

Path Begin       : segment_counter/count__i0/Q  (SLICE_R17C9A)
Path End         : segment_counter/count__i22/D  (SLICE_R16C11B)
Source Clock     : int_osc (R)
Destination Clock: int_osc (R)
Logic Level      : 25
Delay Ratio      : 46.8% (route), 53.2% (logic)
Clock Skew       : 0.000 ns 
Setup Constraint : 20.833 ns 
Path Slack       : 4.680 ns  (Passed)


Source Clock Path
Name                                      Cell/Site Name     Delay Name           Incr      Arrival/Required Time  Fanout  
----------------------------------------  -----------------  -------------------  --------  ---------------------  ------  
hf_osc/CLKHF                              HFOSC_HFOSC_R1C32  CLOCK LATENCY           0.000                  0.000  30      
segment_counter/int_osc                                      NET DELAY               5.499                  5.499  30      
{segment_counter/count__i1/CK   segment_counter/count__i0/CK}
                                                             CLOCK PIN               0.000                  5.499  1       


Data Path
Name                                      Cell/Site Name     Delay Name           Incr      Arrival/Required Time  Fanout  
----------------------------------------  -----------------  -------------------  --------  ---------------------  ------  
segment_counter/count__i0/CK->segment_counter/count__i0/Q
                                          SLICE_R17C9A       CLK_TO_Q1_DELAY         1.388                  6.887  2       
segment_counter/count[0]                                     NET DELAY               3.265                 10.152  2       
segment_counter/add_7_add_5_1/B1->segment_counter/add_7_add_5_1/CO1
                                          SLICE_R15C8A       B1_TO_COUT1_DELAY       0.357                 10.509  2       
segment_counter/n816                                         NET DELAY               0.000                 10.509  2       
segment_counter/add_7_add_5_3/CI0->segment_counter/add_7_add_5_3/CO0
                                          SLICE_R15C8B       CIN0_TO_COUT0_DELAY     0.277                 10.786  2       
segment_counter/n1717                                        NET DELAY               0.000                 10.786  2       
segment_counter/add_7_add_5_3/CI1->segment_counter/add_7_add_5_3/CO1
                                          SLICE_R15C8B       CIN1_TO_COUT1_DELAY     0.277                 11.063  2       
segment_counter/n818                                         NET DELAY               0.000                 11.063  2       
segment_counter/add_7_add_5_5/CI0->segment_counter/add_7_add_5_5/CO0
                                          SLICE_R15C8C       CIN0_TO_COUT0_DELAY     0.277                 11.340  2       
segment_counter/n1720                                        NET DELAY               0.000                 11.340  2       
segment_counter/add_7_add_5_5/CI1->segment_counter/add_7_add_5_5/CO1
                                          SLICE_R15C8C       CIN1_TO_COUT1_DELAY     0.277                 11.617  2       
segment_counter/n820                                         NET DELAY               0.000                 11.617  2       
segment_counter/add_7_add_5_7/CI0->segment_counter/add_7_add_5_7/CO0
                                          SLICE_R15C8D       CIN0_TO_COUT0_DELAY     0.277                 11.894  2       
segment_counter/n1723                                        NET DELAY               0.000                 11.894  2       
segment_counter/add_7_add_5_7/CI1->segment_counter/add_7_add_5_7/CO1
                                          SLICE_R15C8D       CIN1_TO_COUT1_DELAY     0.277                 12.171  2       
segment_counter/n822                                         NET DELAY               0.555                 12.726  2       
segment_counter/add_7_add_5_9/CI0->segment_counter/add_7_add_5_9/CO0
                                          SLICE_R15C9A       CIN0_TO_COUT0_DELAY     0.277                 13.003  2       
segment_counter/n1726                                        NET DELAY               0.000                 13.003  2       
segment_counter/add_7_add_5_9/CI1->segment_counter/add_7_add_5_9/CO1
                                          SLICE_R15C9A       CIN1_TO_COUT1_DELAY     0.277                 13.280  2       
segment_counter/n824                                         NET DELAY               0.000                 13.280  2       
segment_counter/add_7_add_5_11/CI0->segment_counter/add_7_add_5_11/CO0
                                          SLICE_R15C9B       CIN0_TO_COUT0_DELAY     0.277                 13.557  2       
segment_counter/n1729                                        NET DELAY               0.000                 13.557  2       
segment_counter/add_7_add_5_11/CI1->segment_counter/add_7_add_5_11/CO1
                                          SLICE_R15C9B       CIN1_TO_COUT1_DELAY     0.277                 13.834  2       
segment_counter/n826                                         NET DELAY               0.000                 13.834  2       
segment_counter/add_7_add_5_13/CI0->segment_counter/add_7_add_5_13/CO0
                                          SLICE_R15C9C       CIN0_TO_COUT0_DELAY     0.277                 14.111  2       
segment_counter/n1732                                        NET DELAY               0.000                 14.111  2       
segment_counter/add_7_add_5_13/CI1->segment_counter/add_7_add_5_13/CO1
                                          SLICE_R15C9C       CIN1_TO_COUT1_DELAY     0.277                 14.388  2       
segment_counter/n828                                         NET DELAY               0.000                 14.388  2       
segment_counter/add_7_add_5_15/CI0->segment_counter/add_7_add_5_15/CO0
                                          SLICE_R15C9D       CIN0_TO_COUT0_DELAY     0.277                 14.665  2       
segment_counter/n1735                                        NET DELAY               0.000                 14.665  2       
segment_counter/add_7_add_5_15/CI1->segment_counter/add_7_add_5_15/CO1
                                          SLICE_R15C9D       CIN1_TO_COUT1_DELAY     0.277                 14.942  2       
segment_counter/n830                                         NET DELAY               0.555                 15.497  2       
segment_counter/add_7_add_5_17/CI0->segment_counter/add_7_add_5_17/CO0
                                          SLICE_R15C10A      CIN0_TO_COUT0_DELAY     0.277                 15.774  2       
segment_counter/n1738                                        NET DELAY               0.000                 15.774  2       
segment_counter/add_7_add_5_17/CI1->segment_counter/add_7_add_5_17/CO1
                                          SLICE_R15C10A      CIN1_TO_COUT1_DELAY     0.277                 16.051  2       
segment_counter/n832                                         NET DELAY               0.000                 16.051  2       
segment_counter/add_7_add_5_19/CI0->segment_counter/add_7_add_5_19/CO0
                                          SLICE_R15C10B      CIN0_TO_COUT0_DELAY     0.277                 16.328  2       
segment_counter/n1741                                        NET DELAY               0.000                 16.328  2       
segment_counter/add_7_add_5_19/CI1->segment_counter/add_7_add_5_19/CO1
                                          SLICE_R15C10B      CIN1_TO_COUT1_DELAY     0.277                 16.605  2       
segment_counter/n834                                         NET DELAY               0.000                 16.605  2       
segment_counter/add_7_add_5_21/CI0->segment_counter/add_7_add_5_21/CO0
                                          SLICE_R15C10C      CIN0_TO_COUT0_DELAY     0.277                 16.882  2       
segment_counter/n1744                                        NET DELAY               0.000                 16.882  2       
segment_counter/add_7_add_5_21/CI1->segment_counter/add_7_add_5_21/CO1
                                          SLICE_R15C10C      CIN1_TO_COUT1_DELAY     0.277                 17.159  2       
segment_counter/n836                                         NET DELAY               0.000                 17.159  2       
segment_counter/add_7_add_5_23/CI0->segment_counter/add_7_add_5_23/CO0
                                          SLICE_R15C10D      CIN0_TO_COUT0_DELAY     0.277                 17.436  2       
segment_counter/n1747                                        NET DELAY               0.661                 18.097  2       
segment_counter/add_7_add_5_23/D1->segment_counter/add_7_add_5_23/S1
                                          SLICE_R15C10D      D1_TO_F1_DELAY          0.449                 18.546  1       
segment_counter/n147[22]                                     NET DELAY               2.432                 20.978  1       
segment_counter/i551_2_lut/A->segment_counter/i551_2_lut/Z
                                          SLICE_R16C11B      C1_TO_F1_DELAY          0.476                 21.454  1       
segment_counter/n37[22]                                      NET DELAY               0.000                 21.454  1       
segment_counter/count__i22/D                                 ENDPOINT                0.000                 21.454  1       


Destination Clock Path
Name                                      Cell/Site Name     Delay Name           Incr      Arrival/Required Time  Fanout  
----------------------------------------  -----------------  -------------------  --------  ---------------------  ------  
                                                             CONSTRAINT              0.000                 20.833  1       
hf_osc/CLKHF                              HFOSC_HFOSC_R1C32  CLOCK LATENCY           0.000                 20.833  30      
segment_counter/int_osc                                      NET DELAY               5.499                 26.332  30      
{segment_counter/count__i23/CK   segment_counter/count__i22/CK}
                                                             CLOCK PIN               0.000                 26.332  1       
                                                             Uncertainty          -(0.000)                 26.332  
                                                             Setup time           -(0.198)                 26.134  
----------------------------------------  -----------------  -------------------  --------  ---------------------  ------  
Required Time                                                                                              26.134  
Arrival Time                                                                                            -(21.453)  
----------------------------------------  -----------------  -------------------  --------  ---------------------  ------  
Path Slack  (Passed)                                                                                        4.680  




++++ Path 9 ++++++++++++++++++++++++++++++++++++++++++++++++++++++++++ 

Path Begin       : scanning/scanner_counter/count__i0/Q  (SLICE_R21C7C)
Path End         : scanning/scanner_counter/count__i24/D  (SLICE_R21C11D)
Source Clock     : int_osc (R)
Destination Clock: int_osc (R)
Logic Level      : 27
Delay Ratio      : 43.0% (route), 57.0% (logic)
Clock Skew       : 0.000 ns 
Setup Constraint : 20.833 ns 
Path Slack       : 4.761 ns  (Passed)


Source Clock Path
Name                                      Cell/Site Name     Delay Name           Incr      Arrival/Required Time  Fanout  
----------------------------------------  -----------------  -------------------  --------  ---------------------  ------  
hf_osc/CLKHF                              HFOSC_HFOSC_R1C32  CLOCK LATENCY           0.000                  0.000  30      
segment_counter/int_osc                                      NET DELAY               5.499                  5.499  30      
{scanning/scanner_counter/count__i1/CK   scanning/scanner_counter/count__i0/CK}
                                                             CLOCK PIN               0.000                  5.499  1       


Data Path
Name                                      Cell/Site Name     Delay Name           Incr      Arrival/Required Time  Fanout  
----------------------------------------  -----------------  -------------------  --------  ---------------------  ------  
scanning/scanner_counter/count__i0/CK->scanning/scanner_counter/count__i0/Q
                                          SLICE_R21C7C       CLK_TO_Q1_DELAY         1.388                  6.887  2       
scanning/scanner_counter/scan_count[0]                       NET DELAY               2.075                  8.962  2       
scanning/scanner_counter/add_7_add_5_1/B1->scanning/scanner_counter/add_7_add_5_1/CO1
                                          SLICE_R21C8A       B1_TO_COUT1_DELAY       0.357                  9.319  2       
scanning/scanner_counter/n845                                NET DELAY               0.000                  9.319  2       
scanning/scanner_counter/add_7_add_5_3/CI0->scanning/scanner_counter/add_7_add_5_3/CO0
                                          SLICE_R21C8B       CIN0_TO_COUT0_DELAY     0.277                  9.596  2       
scanning/scanner_counter/n1759                               NET DELAY               0.000                  9.596  2       
scanning/scanner_counter/add_7_add_5_3/CI1->scanning/scanner_counter/add_7_add_5_3/CO1
                                          SLICE_R21C8B       CIN1_TO_COUT1_DELAY     0.277                  9.873  2       
scanning/scanner_counter/n847                                NET DELAY               0.000                  9.873  2       
scanning/scanner_counter/add_7_add_5_5/CI0->scanning/scanner_counter/add_7_add_5_5/CO0
                                          SLICE_R21C8C       CIN0_TO_COUT0_DELAY     0.277                 10.150  2       
scanning/scanner_counter/n1762                               NET DELAY               0.000                 10.150  2       
scanning/scanner_counter/add_7_add_5_5/CI1->scanning/scanner_counter/add_7_add_5_5/CO1
                                          SLICE_R21C8C       CIN1_TO_COUT1_DELAY     0.277                 10.427  2       
scanning/scanner_counter/n849                                NET DELAY               0.000                 10.427  2       
scanning/scanner_counter/add_7_add_5_7/CI0->scanning/scanner_counter/add_7_add_5_7/CO0
                                          SLICE_R21C8D       CIN0_TO_COUT0_DELAY     0.277                 10.704  2       
scanning/scanner_counter/n1765                               NET DELAY               0.000                 10.704  2       
scanning/scanner_counter/add_7_add_5_7/CI1->scanning/scanner_counter/add_7_add_5_7/CO1
                                          SLICE_R21C8D       CIN1_TO_COUT1_DELAY     0.277                 10.981  2       
scanning/scanner_counter/n851                                NET DELAY               0.555                 11.536  2       
scanning/scanner_counter/add_7_add_5_9/CI0->scanning/scanner_counter/add_7_add_5_9/CO0
                                          SLICE_R21C9A       CIN0_TO_COUT0_DELAY     0.277                 11.813  2       
scanning/scanner_counter/n1768                               NET DELAY               0.000                 11.813  2       
scanning/scanner_counter/add_7_add_5_9/CI1->scanning/scanner_counter/add_7_add_5_9/CO1
                                          SLICE_R21C9A       CIN1_TO_COUT1_DELAY     0.277                 12.090  2       
scanning/scanner_counter/n853                                NET DELAY               0.000                 12.090  2       
scanning/scanner_counter/add_7_add_5_11/CI0->scanning/scanner_counter/add_7_add_5_11/CO0
                                          SLICE_R21C9B       CIN0_TO_COUT0_DELAY     0.277                 12.367  2       
scanning/scanner_counter/n1771                               NET DELAY               0.000                 12.367  2       
scanning/scanner_counter/add_7_add_5_11/CI1->scanning/scanner_counter/add_7_add_5_11/CO1
                                          SLICE_R21C9B       CIN1_TO_COUT1_DELAY     0.277                 12.644  2       
scanning/scanner_counter/n855                                NET DELAY               0.000                 12.644  2       
scanning/scanner_counter/add_7_add_5_13/CI0->scanning/scanner_counter/add_7_add_5_13/CO0
                                          SLICE_R21C9C       CIN0_TO_COUT0_DELAY     0.277                 12.921  2       
scanning/scanner_counter/n1774                               NET DELAY               0.000                 12.921  2       
scanning/scanner_counter/add_7_add_5_13/CI1->scanning/scanner_counter/add_7_add_5_13/CO1
                                          SLICE_R21C9C       CIN1_TO_COUT1_DELAY     0.277                 13.198  2       
scanning/scanner_counter/n857                                NET DELAY               0.000                 13.198  2       
scanning/scanner_counter/add_7_add_5_15/CI0->scanning/scanner_counter/add_7_add_5_15/CO0
                                          SLICE_R21C9D       CIN0_TO_COUT0_DELAY     0.277                 13.475  2       
scanning/scanner_counter/n1777                               NET DELAY               0.000                 13.475  2       
scanning/scanner_counter/add_7_add_5_15/CI1->scanning/scanner_counter/add_7_add_5_15/CO1
                                          SLICE_R21C9D       CIN1_TO_COUT1_DELAY     0.277                 13.752  2       
scanning/scanner_counter/n859                                NET DELAY               0.555                 14.307  2       
scanning/scanner_counter/add_7_add_5_17/CI0->scanning/scanner_counter/add_7_add_5_17/CO0
                                          SLICE_R21C10A      CIN0_TO_COUT0_DELAY     0.277                 14.584  2       
scanning/scanner_counter/n1780                               NET DELAY               0.000                 14.584  2       
scanning/scanner_counter/add_7_add_5_17/CI1->scanning/scanner_counter/add_7_add_5_17/CO1
                                          SLICE_R21C10A      CIN1_TO_COUT1_DELAY     0.277                 14.861  2       
scanning/scanner_counter/n861                                NET DELAY               0.000                 14.861  2       
scanning/scanner_counter/add_7_add_5_19/CI0->scanning/scanner_counter/add_7_add_5_19/CO0
                                          SLICE_R21C10B      CIN0_TO_COUT0_DELAY     0.277                 15.138  2       
scanning/scanner_counter/n1783                               NET DELAY               0.000                 15.138  2       
scanning/scanner_counter/add_7_add_5_19/CI1->scanning/scanner_counter/add_7_add_5_19/CO1
                                          SLICE_R21C10B      CIN1_TO_COUT1_DELAY     0.277                 15.415  2       
scanning/scanner_counter/n863                                NET DELAY               0.000                 15.415  2       
scanning/scanner_counter/add_7_add_5_21/CI0->scanning/scanner_counter/add_7_add_5_21/CO0
                                          SLICE_R21C10C      CIN0_TO_COUT0_DELAY     0.277                 15.692  2       
scanning/scanner_counter/n1786                               NET DELAY               0.000                 15.692  2       
scanning/scanner_counter/add_7_add_5_21/CI1->scanning/scanner_counter/add_7_add_5_21/CO1
                                          SLICE_R21C10C      CIN1_TO_COUT1_DELAY     0.277                 15.969  2       
scanning/scanner_counter/n865                                NET DELAY               0.000                 15.969  2       
scanning/scanner_counter/add_7_add_5_23/CI0->scanning/scanner_counter/add_7_add_5_23/CO0
                                          SLICE_R21C10D      CIN0_TO_COUT0_DELAY     0.277                 16.246  2       
scanning/scanner_counter/n1789                               NET DELAY               0.000                 16.246  2       
scanning/scanner_counter/add_7_add_5_23/CI1->scanning/scanner_counter/add_7_add_5_23/CO1
                                          SLICE_R21C10D      CIN1_TO_COUT1_DELAY     0.277                 16.523  2       
scanning/scanner_counter/n867                                NET DELAY               0.555                 17.078  2       
scanning/scanner_counter/add_7_add_5_25/CI0->scanning/scanner_counter/add_7_add_5_25/CO0
                                          SLICE_R21C11A      CIN0_TO_COUT0_DELAY     0.277                 17.355  2       
scanning/scanner_counter/n1792                               NET DELAY               0.661                 18.016  2       
scanning/scanner_counter/add_7_add_5_25/D1->scanning/scanner_counter/add_7_add_5_25/S1
                                          SLICE_R21C11A      D1_TO_F1_DELAY          0.449                 18.465  1       
scanning/scanner_counter/n132[24]                            NET DELAY               2.432                 20.897  1       
scanning/scanner_counter/i603_2_lut/A->scanning/scanner_counter/i603_2_lut/Z
                                          SLICE_R21C11D      C1_TO_F1_DELAY          0.476                 21.373  1       
scanning/scanner_counter/n34[24]                             NET DELAY               0.000                 21.373  1       
scanning/scanner_counter/count__i24/D                        ENDPOINT                0.000                 21.373  1       


Destination Clock Path
Name                                      Cell/Site Name     Delay Name           Incr      Arrival/Required Time  Fanout  
----------------------------------------  -----------------  -------------------  --------  ---------------------  ------  
                                                             CONSTRAINT              0.000                 20.833  1       
hf_osc/CLKHF                              HFOSC_HFOSC_R1C32  CLOCK LATENCY           0.000                 20.833  30      
segment_counter/int_osc                                      NET DELAY               5.499                 26.332  30      
{scanning/scanner_counter/count__i23/CK   scanning/scanner_counter/count__i24/CK}
                                                             CLOCK PIN               0.000                 26.332  1       
                                                             Uncertainty          -(0.000)                 26.332  
                                                             Setup time           -(0.198)                 26.134  
----------------------------------------  -----------------  -------------------  --------  ---------------------  ------  
Required Time                                                                                              26.134  
Arrival Time                                                                                            -(21.372)  
----------------------------------------  -----------------  -------------------  --------  ---------------------  ------  
Path Slack  (Passed)                                                                                        4.761  




++++ Path 10 ++++++++++++++++++++++++++++++++++++++++++++++++++++++++++ 

Path Begin       : segment_counter/count__i0/Q  (SLICE_R17C9A)
Path End         : segment_counter/count__i15/D  (SLICE_R17C9C)
Source Clock     : int_osc (R)
Destination Clock: int_osc (R)
Logic Level      : 18
Delay Ratio      : 58.3% (route), 41.7% (logic)
Clock Skew       : 0.000 ns 
Setup Constraint : 20.833 ns 
Path Slack       : 4.914 ns  (Passed)


Source Clock Path
Name                                      Cell/Site Name     Delay Name           Incr      Arrival/Required Time  Fanout  
----------------------------------------  -----------------  -------------------  --------  ---------------------  ------  
hf_osc/CLKHF                              HFOSC_HFOSC_R1C32  CLOCK LATENCY           0.000                  0.000  30      
segment_counter/int_osc                                      NET DELAY               5.499                  5.499  30      
{segment_counter/count__i1/CK   segment_counter/count__i0/CK}
                                                             CLOCK PIN               0.000                  5.499  1       


Data Path
Name                                      Cell/Site Name     Delay Name           Incr      Arrival/Required Time  Fanout  
----------------------------------------  -----------------  -------------------  --------  ---------------------  ------  
segment_counter/count__i0/CK->segment_counter/count__i0/Q
                                          SLICE_R17C9A       CLK_TO_Q1_DELAY         1.388                  6.887  2       
segment_counter/count[0]                                     NET DELAY               3.265                 10.152  2       
segment_counter/add_7_add_5_1/B1->segment_counter/add_7_add_5_1/CO1
                                          SLICE_R15C8A       B1_TO_COUT1_DELAY       0.357                 10.509  2       
segment_counter/n816                                         NET DELAY               0.000                 10.509  2       
segment_counter/add_7_add_5_3/CI0->segment_counter/add_7_add_5_3/CO0
                                          SLICE_R15C8B       CIN0_TO_COUT0_DELAY     0.277                 10.786  2       
segment_counter/n1717                                        NET DELAY               0.000                 10.786  2       
segment_counter/add_7_add_5_3/CI1->segment_counter/add_7_add_5_3/CO1
                                          SLICE_R15C8B       CIN1_TO_COUT1_DELAY     0.277                 11.063  2       
segment_counter/n818                                         NET DELAY               0.000                 11.063  2       
segment_counter/add_7_add_5_5/CI0->segment_counter/add_7_add_5_5/CO0
                                          SLICE_R15C8C       CIN0_TO_COUT0_DELAY     0.277                 11.340  2       
segment_counter/n1720                                        NET DELAY               0.000                 11.340  2       
segment_counter/add_7_add_5_5/CI1->segment_counter/add_7_add_5_5/CO1
                                          SLICE_R15C8C       CIN1_TO_COUT1_DELAY     0.277                 11.617  2       
segment_counter/n820                                         NET DELAY               0.000                 11.617  2       
segment_counter/add_7_add_5_7/CI0->segment_counter/add_7_add_5_7/CO0
                                          SLICE_R15C8D       CIN0_TO_COUT0_DELAY     0.277                 11.894  2       
segment_counter/n1723                                        NET DELAY               0.000                 11.894  2       
segment_counter/add_7_add_5_7/CI1->segment_counter/add_7_add_5_7/CO1
                                          SLICE_R15C8D       CIN1_TO_COUT1_DELAY     0.277                 12.171  2       
segment_counter/n822                                         NET DELAY               0.555                 12.726  2       
segment_counter/add_7_add_5_9/CI0->segment_counter/add_7_add_5_9/CO0
                                          SLICE_R15C9A       CIN0_TO_COUT0_DELAY     0.277                 13.003  2       
segment_counter/n1726                                        NET DELAY               0.000                 13.003  2       
segment_counter/add_7_add_5_9/CI1->segment_counter/add_7_add_5_9/CO1
                                          SLICE_R15C9A       CIN1_TO_COUT1_DELAY     0.277                 13.280  2       
segment_counter/n824                                         NET DELAY               0.000                 13.280  2       
segment_counter/add_7_add_5_11/CI0->segment_counter/add_7_add_5_11/CO0
                                          SLICE_R15C9B       CIN0_TO_COUT0_DELAY     0.277                 13.557  2       
segment_counter/n1729                                        NET DELAY               0.000                 13.557  2       
segment_counter/add_7_add_5_11/CI1->segment_counter/add_7_add_5_11/CO1
                                          SLICE_R15C9B       CIN1_TO_COUT1_DELAY     0.277                 13.834  2       
segment_counter/n826                                         NET DELAY               0.000                 13.834  2       
segment_counter/add_7_add_5_13/CI0->segment_counter/add_7_add_5_13/CO0
                                          SLICE_R15C9C       CIN0_TO_COUT0_DELAY     0.277                 14.111  2       
segment_counter/n1732                                        NET DELAY               0.000                 14.111  2       
segment_counter/add_7_add_5_13/CI1->segment_counter/add_7_add_5_13/CO1
                                          SLICE_R15C9C       CIN1_TO_COUT1_DELAY     0.277                 14.388  2       
segment_counter/n828                                         NET DELAY               0.000                 14.388  2       
segment_counter/add_7_add_5_15/CI0->segment_counter/add_7_add_5_15/CO0
                                          SLICE_R15C9D       CIN0_TO_COUT0_DELAY     0.277                 14.665  2       
segment_counter/n1735                                        NET DELAY               0.000                 14.665  2       
segment_counter/add_7_add_5_15/CI1->segment_counter/add_7_add_5_15/CO1
                                          SLICE_R15C9D       CIN1_TO_COUT1_DELAY     0.277                 14.942  2       
segment_counter/n830                                         NET DELAY               1.216                 16.158  2       
segment_counter/add_7_add_5_17/D0->segment_counter/add_7_add_5_17/S0
                                          SLICE_R15C10A      D0_TO_F0_DELAY          0.449                 16.607  1       
segment_counter/n147[15]                                     NET DELAY               4.137                 20.744  1       
segment_counter/i563_2_lut/A->segment_counter/i563_2_lut/Z
                                          SLICE_R17C9C       C0_TO_F0_DELAY          0.476                 21.220  1       
segment_counter/n37[15]                                      NET DELAY               0.000                 21.220  1       
segment_counter/count__i15/D                                 ENDPOINT                0.000                 21.220  1       


Destination Clock Path
Name                                      Cell/Site Name     Delay Name           Incr      Arrival/Required Time  Fanout  
----------------------------------------  -----------------  -------------------  --------  ---------------------  ------  
                                                             CONSTRAINT              0.000                 20.833  1       
hf_osc/CLKHF                              HFOSC_HFOSC_R1C32  CLOCK LATENCY           0.000                 20.833  30      
segment_counter/int_osc                                      NET DELAY               5.499                 26.332  30      
{segment_counter/count__i15/CK   segment_counter/count__i14/CK}
                                                             CLOCK PIN               0.000                 26.332  1       
                                                             Uncertainty          -(0.000)                 26.332  
                                                             Setup time           -(0.198)                 26.134  
----------------------------------------  -----------------  -------------------  --------  ---------------------  ------  
Required Time                                                                                              26.134  
Arrival Time                                                                                            -(21.219)  
----------------------------------------  -----------------  -------------------  --------  ---------------------  ------  
Path Slack  (Passed)                                                                                        4.914  



+++++++++++++++++++++++++++++++++++++++++++++++++++++++++++++++++++++ 
                    End of Detailed Report for timing paths 
+++++++++++++++++++++++++++++++++++++++++++++++++++++++++++++++++++++ 


##########################################################



===============================================================
3  Hold at Speed Grade m Corner at -40 Degrees
===============================================================

3.1  Endpoint slacks
=======================
-------------------------------------------------------
          Listing 10 End Points          |    Slack    
-------------------------------------------------------
scanning/scanner_counter/clk_state/D     |    1.743 ns 
segment_counter/clk_state/D              |    1.943 ns 
segment_counter/count__i25/D             |    2.343 ns 
scanning/scanner_counter/count__i8/D     |    3.143 ns 
scanning/scanner_counter/count__i4/D     |    3.143 ns 
scanning/scanner_counter/count__i5/D     |    3.143 ns 
scanning/scanner_counter/count__i2/D     |    3.143 ns 
scanning/scanner_counter/count__i3/D     |    3.143 ns 
scanning/scanner_counter/count__i1/D     |    3.143 ns 
scanning/scanner_counter/count__i0/D     |    3.143 ns 
-------------------------------------------------------
                                         |             
Hold # of endpoints with negative slack: |           0 
                                         |             
-------------------------------------------------------

3.2  Detailed Report
=======================


XXXXXXXXXXXXXXXXXXXXXXXXXXXXXXXXXXXXXXXXXXXXXXXXXXXXXXXXXX

Detail report of critical paths

XXXXXXXXXXXXXXXXXXXXXXXXXXXXXXXXXXXXXXXXXXXXXXXXXXXXXXXXXX

+++++++++++++++++++++++++++++++++++++++++++++++++++++++++++++++++++++ 
                    Detailed Report for timing paths 
+++++++++++++++++++++++++++++++++++++++++++++++++++++++++++++++++++++ 

++++ Path 1 ++++++++++++++++++++++++++++++++++++++++++++++++++++++++++ 

Path Begin       : scanning/scanner_counter/clk_state/Q  (SLICE_R22C7B)
Path End         : scanning/scanner_counter/clk_state/D  (SLICE_R22C7B)
Source Clock     : int_osc (R)
Destination Clock: int_osc (R)
Logic Level      : 2
Delay Ratio      : 40.8% (route), 59.2% (logic)
Clock Skew       : 0.000 ns 
Hold Constraint  : 0.000 ns 
Path Slack       : 1.743 ns  (Passed)


Source Clock Path
Name                                      Cell/Site Name     Delay Name       Incr   Arrival/Required Time  Fanout  
----------------------------------------  -----------------  ---------------  -----  ---------------------  ------  
hf_osc/CLKHF                              HFOSC_HFOSC_R1C32  CLOCK LATENCY    0.000                  0.000  31      
segment_counter/int_osc                                      NET DELAY        3.084                  3.084  31      
scanning/scanner_counter/clk_state/CK                        CLOCK PIN        0.000                  3.084  1       


Data Path
Name                                      Cell/Site Name     Delay Name       Incr   Arrival/Required Time  Fanout  
----------------------------------------  -----------------  ---------------  -----  ---------------------  ------  
scanning/scanner_counter/clk_state/CK->scanning/scanner_counter/clk_state/Q
                                          SLICE_R22C7B       CLK_TO_Q1_DELAY  0.779                  3.863  5       
scanning/scanner_counter/scan_clk                            NET DELAY        0.712                  4.575  5       
scanning/scanner_counter/i19_2_lut/A->scanning/scanner_counter/i19_2_lut/Z
                                          SLICE_R22C7B       D1_TO_F1_DELAY   0.252                  4.827  1       
scanning/scanner_counter/n33                                 NET DELAY        0.000                  4.827  1       
scanning/scanner_counter/clk_state/D                         ENDPOINT         0.000                  4.827  1       


Destination Clock Path
Name                                      Cell/Site Name     Delay Name       Incr   Arrival/Required Time  Fanout  
----------------------------------------  -----------------  ---------------  -----  ---------------------  ------  
                                                             CONSTRAINT       0.000                  0.000  1       
hf_osc/CLKHF                              HFOSC_HFOSC_R1C32  CLOCK LATENCY    0.000                  0.000  31      
segment_counter/int_osc                                      NET DELAY        3.084                  3.084  31      
scanning/scanner_counter/clk_state/CK                        CLOCK PIN        0.000                  3.084  1       
                                                             Uncertainty      0.000                  3.084  
                                                             Hold time        0.000                  3.084  
----------------------------------------  -----------------  ---------------  -----  ---------------------  ------  
Required Time                                                                                       -3.084  
Arrival Time                                                                                         4.827  
----------------------------------------  -----------------  ---------------  -----  ---------------------  ------  
Path Slack  (Passed)                                                                                 1.743  




++++ Path 2 ++++++++++++++++++++++++++++++++++++++++++++++++++++++++++ 

Path Begin       : segment_counter/clk_state/Q  (SLICE_R16C8D)
Path End         : segment_counter/clk_state/D  (SLICE_R16C8D)
Source Clock     : int_osc (R)
Destination Clock: int_osc (R)
Logic Level      : 2
Delay Ratio      : 46.9% (route), 53.1% (logic)
Clock Skew       : 0.000 ns 
Hold Constraint  : 0.000 ns 
Path Slack       : 1.943 ns  (Passed)


Source Clock Path
Name                                      Cell/Site Name     Delay Name       Incr   Arrival/Required Time  Fanout  
----------------------------------------  -----------------  ---------------  -----  ---------------------  ------  
hf_osc/CLKHF                              HFOSC_HFOSC_R1C32  CLOCK LATENCY    0.000                  0.000  31      
segment_counter/int_osc                                      NET DELAY        3.084                  3.084  31      
segment_counter/clk_state/CK                                 CLOCK PIN        0.000                  3.084  1       


Data Path
Name                                      Cell/Site Name     Delay Name       Incr   Arrival/Required Time  Fanout  
----------------------------------------  -----------------  ---------------  -----  ---------------------  ------  
segment_counter/clk_state/CK->segment_counter/clk_state/Q
                                          SLICE_R16C8D       CLK_TO_Q1_DELAY  0.779                  3.863  7       
segment_counter/pwr_c                                        NET DELAY        0.912                  4.775  7       
segment_counter/i19_2_lut/A->segment_counter/i19_2_lut/Z
                                          SLICE_R16C8D       B1_TO_F1_DELAY   0.252                  5.027  1       
segment_counter/n36                                          NET DELAY        0.000                  5.027  1       
segment_counter/clk_state/D                                  ENDPOINT         0.000                  5.027  1       


Destination Clock Path
Name                                      Cell/Site Name     Delay Name       Incr   Arrival/Required Time  Fanout  
----------------------------------------  -----------------  ---------------  -----  ---------------------  ------  
                                                             CONSTRAINT       0.000                  0.000  1       
hf_osc/CLKHF                              HFOSC_HFOSC_R1C32  CLOCK LATENCY    0.000                  0.000  31      
segment_counter/int_osc                                      NET DELAY        3.084                  3.084  31      
segment_counter/clk_state/CK                                 CLOCK PIN        0.000                  3.084  1       
                                                             Uncertainty      0.000                  3.084  
                                                             Hold time        0.000                  3.084  
----------------------------------------  -----------------  ---------------  -----  ---------------------  ------  
Required Time                                                                                       -3.084  
Arrival Time                                                                                         5.027  
----------------------------------------  -----------------  ---------------  -----  ---------------------  ------  
Path Slack  (Passed)                                                                                 1.943  




++++ Path 3 ++++++++++++++++++++++++++++++++++++++++++++++++++++++++++ 

Path Begin       : segment_counter/count__i24/Q  (SLICE_R16C11A)
Path End         : segment_counter/count__i25/D  (SLICE_R16C11A)
Source Clock     : int_osc (R)
Destination Clock: int_osc (R)
Logic Level      : 3
Delay Ratio      : 45.2% (route), 54.8% (logic)
Clock Skew       : 0.000 ns 
Hold Constraint  : 0.000 ns 
Path Slack       : 2.343 ns  (Passed)


Source Clock Path
Name                                      Cell/Site Name     Delay Name       Incr   Arrival/Required Time  Fanout  
----------------------------------------  -----------------  ---------------  -----  ---------------------  ------  
hf_osc/CLKHF                              HFOSC_HFOSC_R1C32  CLOCK LATENCY    0.000                  0.000  31      
segment_counter/int_osc                                      NET DELAY        3.084                  3.084  31      
{segment_counter/count__i25/CK   segment_counter/count__i24/CK}
                                                             CLOCK PIN        0.000                  3.084  1       


Data Path
Name                                      Cell/Site Name     Delay Name       Incr   Arrival/Required Time  Fanout  
----------------------------------------  -----------------  ---------------  -----  ---------------------  ------  
segment_counter/count__i24/CK->segment_counter/count__i24/Q
                                          SLICE_R16C11A      CLK_TO_Q1_DELAY  0.779                  3.863  2       
segment_counter/count[24]                                    NET DELAY        0.912                  4.775  2       
segment_counter/i3_4_lut/D->segment_counter/i3_4_lut/Z
                                          SLICE_R16C10D      B1_TO_F1_DELAY   0.252                  5.027  29      
segment_counter/n4_adj_84                                    NET DELAY        0.148                  5.175  29      
segment_counter/i547_2_lut/B->segment_counter/i547_2_lut/Z
                                          SLICE_R16C11A      C0_TO_F0_DELAY   0.252                  5.427  1       
segment_counter/n37[25]                                      NET DELAY        0.000                  5.427  1       
segment_counter/count__i25/D                                 ENDPOINT         0.000                  5.427  1       


Destination Clock Path
Name                                      Cell/Site Name     Delay Name       Incr   Arrival/Required Time  Fanout  
----------------------------------------  -----------------  ---------------  -----  ---------------------  ------  
                                                             CONSTRAINT       0.000                  0.000  1       
hf_osc/CLKHF                              HFOSC_HFOSC_R1C32  CLOCK LATENCY    0.000                  0.000  31      
segment_counter/int_osc                                      NET DELAY        3.084                  3.084  31      
{segment_counter/count__i25/CK   segment_counter/count__i24/CK}
                                                             CLOCK PIN        0.000                  3.084  1       
                                                             Uncertainty      0.000                  3.084  
                                                             Hold time        0.000                  3.084  
----------------------------------------  -----------------  ---------------  -----  ---------------------  ------  
Required Time                                                                                       -3.084  
Arrival Time                                                                                         5.427  
----------------------------------------  -----------------  ---------------  -----  ---------------------  ------  
Path Slack  (Passed)                                                                                 2.343  




++++ Path 4 ++++++++++++++++++++++++++++++++++++++++++++++++++++++++++ 

Path Begin       : scanning/scanner_counter/count__i8/Q  (SLICE_R22C9D)
Path End         : scanning/scanner_counter/count__i8/D  (SLICE_R22C9D)
Source Clock     : int_osc (R)
Destination Clock: int_osc (R)
Logic Level      : 3
Delay Ratio      : 58.7% (route), 41.3% (logic)
Clock Skew       : 0.000 ns 
Hold Constraint  : 0.000 ns 
Path Slack       : 3.143 ns  (Passed)


Source Clock Path
Name                                      Cell/Site Name     Delay Name       Incr   Arrival/Required Time  Fanout  
----------------------------------------  -----------------  ---------------  -----  ---------------------  ------  
hf_osc/CLKHF                              HFOSC_HFOSC_R1C32  CLOCK LATENCY    0.000                  0.000  31      
segment_counter/int_osc                                      NET DELAY        3.084                  3.084  31      
{scanning/scanner_counter/count__i7/CK   scanning/scanner_counter/count__i8/CK}
                                                             CLOCK PIN        0.000                  3.084  1       


Data Path
Name                                      Cell/Site Name     Delay Name       Incr   Arrival/Required Time  Fanout  
----------------------------------------  -----------------  ---------------  -----  ---------------------  ------  
scanning/scanner_counter/count__i8/CK->scanning/scanner_counter/count__i8/Q
                                          SLICE_R22C9D       CLK_TO_Q1_DELAY  0.779                  3.863  4       
scanning/scanner_counter/scan_count[8]                       NET DELAY        0.912                  4.775  4       
scanning/scanner_counter/add_7_add_5_9/B1->scanning/scanner_counter/add_7_add_5_9/S1
                                          SLICE_R21C9A       B1_TO_F1_DELAY   0.266                  5.041  1       
scanning/scanner_counter/n132[8]                             NET DELAY        0.934                  5.975  1       
scanning/scanner_counter/i532_2_lut/A->scanning/scanner_counter/i532_2_lut/Z
                                          SLICE_R22C9D       D1_TO_F1_DELAY   0.252                  6.227  1       
scanning/scanner_counter/n34[8]                              NET DELAY        0.000                  6.227  1       
scanning/scanner_counter/count__i8/D                         ENDPOINT         0.000                  6.227  1       


Destination Clock Path
Name                                      Cell/Site Name     Delay Name       Incr   Arrival/Required Time  Fanout  
----------------------------------------  -----------------  ---------------  -----  ---------------------  ------  
                                                             CONSTRAINT       0.000                  0.000  1       
hf_osc/CLKHF                              HFOSC_HFOSC_R1C32  CLOCK LATENCY    0.000                  0.000  31      
segment_counter/int_osc                                      NET DELAY        3.084                  3.084  31      
{scanning/scanner_counter/count__i7/CK   scanning/scanner_counter/count__i8/CK}
                                                             CLOCK PIN        0.000                  3.084  1       
                                                             Uncertainty      0.000                  3.084  
                                                             Hold time        0.000                  3.084  
----------------------------------------  -----------------  ---------------  -----  ---------------------  ------  
Required Time                                                                                       -3.084  
Arrival Time                                                                                         6.227  
----------------------------------------  -----------------  ---------------  -----  ---------------------  ------  
Path Slack  (Passed)                                                                                 3.143  




++++ Path 5 ++++++++++++++++++++++++++++++++++++++++++++++++++++++++++ 

Path Begin       : scanning/scanner_counter/count__i4/Q  (SLICE_R21C7D)
Path End         : scanning/scanner_counter/count__i4/D  (SLICE_R21C7D)
Source Clock     : int_osc (R)
Destination Clock: int_osc (R)
Logic Level      : 3
Delay Ratio      : 58.7% (route), 41.3% (logic)
Clock Skew       : 0.000 ns 
Hold Constraint  : 0.000 ns 
Path Slack       : 3.143 ns  (Passed)


Source Clock Path
Name                                      Cell/Site Name     Delay Name       Incr   Arrival/Required Time  Fanout  
----------------------------------------  -----------------  ---------------  -----  ---------------------  ------  
hf_osc/CLKHF                              HFOSC_HFOSC_R1C32  CLOCK LATENCY    0.000                  0.000  31      
segment_counter/int_osc                                      NET DELAY        3.084                  3.084  31      
{scanning/scanner_counter/count__i4/CK   scanning/scanner_counter/count__i5/CK}
                                                             CLOCK PIN        0.000                  3.084  1       


Data Path
Name                                      Cell/Site Name     Delay Name       Incr   Arrival/Required Time  Fanout  
----------------------------------------  -----------------  ---------------  -----  ---------------------  ------  
scanning/scanner_counter/count__i4/CK->scanning/scanner_counter/count__i4/Q
                                          SLICE_R21C7D       CLK_TO_Q0_DELAY  0.779                  3.863  2       
scanning/scanner_counter/scan_count[4]                       NET DELAY        0.912                  4.775  2       
scanning/scanner_counter/add_7_add_5_5/B1->scanning/scanner_counter/add_7_add_5_5/S1
                                          SLICE_R21C8C       B1_TO_F1_DELAY   0.266                  5.041  1       
scanning/scanner_counter/n132[4]                             NET DELAY        0.934                  5.975  1       
scanning/scanner_counter/i589_2_lut/A->scanning/scanner_counter/i589_2_lut/Z
                                          SLICE_R21C7D       D0_TO_F0_DELAY   0.252                  6.227  1       
scanning/scanner_counter/n34[4]                              NET DELAY        0.000                  6.227  1       
scanning/scanner_counter/count__i4/D                         ENDPOINT         0.000                  6.227  1       


Destination Clock Path
Name                                      Cell/Site Name     Delay Name       Incr   Arrival/Required Time  Fanout  
----------------------------------------  -----------------  ---------------  -----  ---------------------  ------  
                                                             CONSTRAINT       0.000                  0.000  1       
hf_osc/CLKHF                              HFOSC_HFOSC_R1C32  CLOCK LATENCY    0.000                  0.000  31      
segment_counter/int_osc                                      NET DELAY        3.084                  3.084  31      
{scanning/scanner_counter/count__i4/CK   scanning/scanner_counter/count__i5/CK}
                                                             CLOCK PIN        0.000                  3.084  1       
                                                             Uncertainty      0.000                  3.084  
                                                             Hold time        0.000                  3.084  
----------------------------------------  -----------------  ---------------  -----  ---------------------  ------  
Required Time                                                                                       -3.084  
Arrival Time                                                                                         6.227  
----------------------------------------  -----------------  ---------------  -----  ---------------------  ------  
Path Slack  (Passed)                                                                                 3.143  




++++ Path 6 ++++++++++++++++++++++++++++++++++++++++++++++++++++++++++ 

Path Begin       : scanning/scanner_counter/count__i5/Q  (SLICE_R21C7D)
Path End         : scanning/scanner_counter/count__i5/D  (SLICE_R21C7D)
Source Clock     : int_osc (R)
Destination Clock: int_osc (R)
Logic Level      : 3
Delay Ratio      : 58.7% (route), 41.3% (logic)
Clock Skew       : 0.000 ns 
Hold Constraint  : 0.000 ns 
Path Slack       : 3.143 ns  (Passed)


Source Clock Path
Name                                      Cell/Site Name     Delay Name       Incr   Arrival/Required Time  Fanout  
----------------------------------------  -----------------  ---------------  -----  ---------------------  ------  
hf_osc/CLKHF                              HFOSC_HFOSC_R1C32  CLOCK LATENCY    0.000                  0.000  31      
segment_counter/int_osc                                      NET DELAY        3.084                  3.084  31      
{scanning/scanner_counter/count__i4/CK   scanning/scanner_counter/count__i5/CK}
                                                             CLOCK PIN        0.000                  3.084  1       


Data Path
Name                                      Cell/Site Name     Delay Name       Incr   Arrival/Required Time  Fanout  
----------------------------------------  -----------------  ---------------  -----  ---------------------  ------  
scanning/scanner_counter/count__i5/CK->scanning/scanner_counter/count__i5/Q
                                          SLICE_R21C7D       CLK_TO_Q1_DELAY  0.779                  3.863  2       
scanning/scanner_counter/scan_count[5]                       NET DELAY        0.912                  4.775  2       
scanning/scanner_counter/add_7_add_5_7/B0->scanning/scanner_counter/add_7_add_5_7/S0
                                          SLICE_R21C8D       B0_TO_F0_DELAY   0.266                  5.041  1       
scanning/scanner_counter/n132[5]                             NET DELAY        0.934                  5.975  1       
scanning/scanner_counter/i581_2_lut/A->scanning/scanner_counter/i581_2_lut/Z
                                          SLICE_R21C7D       D1_TO_F1_DELAY   0.252                  6.227  1       
scanning/scanner_counter/n34[5]                              NET DELAY        0.000                  6.227  1       
scanning/scanner_counter/count__i5/D                         ENDPOINT         0.000                  6.227  1       


Destination Clock Path
Name                                      Cell/Site Name     Delay Name       Incr   Arrival/Required Time  Fanout  
----------------------------------------  -----------------  ---------------  -----  ---------------------  ------  
                                                             CONSTRAINT       0.000                  0.000  1       
hf_osc/CLKHF                              HFOSC_HFOSC_R1C32  CLOCK LATENCY    0.000                  0.000  31      
segment_counter/int_osc                                      NET DELAY        3.084                  3.084  31      
{scanning/scanner_counter/count__i4/CK   scanning/scanner_counter/count__i5/CK}
                                                             CLOCK PIN        0.000                  3.084  1       
                                                             Uncertainty      0.000                  3.084  
                                                             Hold time        0.000                  3.084  
----------------------------------------  -----------------  ---------------  -----  ---------------------  ------  
Required Time                                                                                       -3.084  
Arrival Time                                                                                         6.227  
----------------------------------------  -----------------  ---------------  -----  ---------------------  ------  
Path Slack  (Passed)                                                                                 3.143  




++++ Path 7 ++++++++++++++++++++++++++++++++++++++++++++++++++++++++++ 

Path Begin       : scanning/scanner_counter/count__i2/Q  (SLICE_R22C7A)
Path End         : scanning/scanner_counter/count__i2/D  (SLICE_R22C7A)
Source Clock     : int_osc (R)
Destination Clock: int_osc (R)
Logic Level      : 3
Delay Ratio      : 58.7% (route), 41.3% (logic)
Clock Skew       : 0.000 ns 
Hold Constraint  : 0.000 ns 
Path Slack       : 3.143 ns  (Passed)


Source Clock Path
Name                                      Cell/Site Name     Delay Name       Incr   Arrival/Required Time  Fanout  
----------------------------------------  -----------------  ---------------  -----  ---------------------  ------  
hf_osc/CLKHF                              HFOSC_HFOSC_R1C32  CLOCK LATENCY    0.000                  0.000  31      
segment_counter/int_osc                                      NET DELAY        3.084                  3.084  31      
{scanning/scanner_counter/count__i2/CK   scanning/scanner_counter/count__i3/CK}
                                                             CLOCK PIN        0.000                  3.084  1       


Data Path
Name                                      Cell/Site Name     Delay Name       Incr   Arrival/Required Time  Fanout  
----------------------------------------  -----------------  ---------------  -----  ---------------------  ------  
scanning/scanner_counter/count__i2/CK->scanning/scanner_counter/count__i2/Q
                                          SLICE_R22C7A       CLK_TO_Q0_DELAY  0.779                  3.863  2       
scanning/scanner_counter/scan_count[2]                       NET DELAY        0.912                  4.775  2       
scanning/scanner_counter/add_7_add_5_3/B1->scanning/scanner_counter/add_7_add_5_3/S1
                                          SLICE_R21C8B       B1_TO_F1_DELAY   0.266                  5.041  1       
scanning/scanner_counter/n132[2]                             NET DELAY        0.934                  5.975  1       
scanning/scanner_counter/i531_2_lut/A->scanning/scanner_counter/i531_2_lut/Z
                                          SLICE_R22C7A       D0_TO_F0_DELAY   0.252                  6.227  1       
scanning/scanner_counter/n34[2]                              NET DELAY        0.000                  6.227  1       
scanning/scanner_counter/count__i2/D                         ENDPOINT         0.000                  6.227  1       


Destination Clock Path
Name                                      Cell/Site Name     Delay Name       Incr   Arrival/Required Time  Fanout  
----------------------------------------  -----------------  ---------------  -----  ---------------------  ------  
                                                             CONSTRAINT       0.000                  0.000  1       
hf_osc/CLKHF                              HFOSC_HFOSC_R1C32  CLOCK LATENCY    0.000                  0.000  31      
segment_counter/int_osc                                      NET DELAY        3.084                  3.084  31      
{scanning/scanner_counter/count__i2/CK   scanning/scanner_counter/count__i3/CK}
                                                             CLOCK PIN        0.000                  3.084  1       
                                                             Uncertainty      0.000                  3.084  
                                                             Hold time        0.000                  3.084  
----------------------------------------  -----------------  ---------------  -----  ---------------------  ------  
Required Time                                                                                       -3.084  
Arrival Time                                                                                         6.227  
----------------------------------------  -----------------  ---------------  -----  ---------------------  ------  
Path Slack  (Passed)                                                                                 3.143  




++++ Path 8 ++++++++++++++++++++++++++++++++++++++++++++++++++++++++++ 

Path Begin       : scanning/scanner_counter/count__i3/Q  (SLICE_R22C7A)
Path End         : scanning/scanner_counter/count__i3/D  (SLICE_R22C7A)
Source Clock     : int_osc (R)
Destination Clock: int_osc (R)
Logic Level      : 3
Delay Ratio      : 58.7% (route), 41.3% (logic)
Clock Skew       : 0.000 ns 
Hold Constraint  : 0.000 ns 
Path Slack       : 3.143 ns  (Passed)


Source Clock Path
Name                                      Cell/Site Name     Delay Name       Incr   Arrival/Required Time  Fanout  
----------------------------------------  -----------------  ---------------  -----  ---------------------  ------  
hf_osc/CLKHF                              HFOSC_HFOSC_R1C32  CLOCK LATENCY    0.000                  0.000  31      
segment_counter/int_osc                                      NET DELAY        3.084                  3.084  31      
{scanning/scanner_counter/count__i2/CK   scanning/scanner_counter/count__i3/CK}
                                                             CLOCK PIN        0.000                  3.084  1       


Data Path
Name                                      Cell/Site Name     Delay Name       Incr   Arrival/Required Time  Fanout  
----------------------------------------  -----------------  ---------------  -----  ---------------------  ------  
scanning/scanner_counter/count__i3/CK->scanning/scanner_counter/count__i3/Q
                                          SLICE_R22C7A       CLK_TO_Q1_DELAY  0.779                  3.863  2       
scanning/scanner_counter/scan_count[3]                       NET DELAY        0.912                  4.775  2       
scanning/scanner_counter/add_7_add_5_5/B0->scanning/scanner_counter/add_7_add_5_5/S0
                                          SLICE_R21C8C       B0_TO_F0_DELAY   0.266                  5.041  1       
scanning/scanner_counter/n132[3]                             NET DELAY        0.934                  5.975  1       
scanning/scanner_counter/i529_2_lut/A->scanning/scanner_counter/i529_2_lut/Z
                                          SLICE_R22C7A       D1_TO_F1_DELAY   0.252                  6.227  1       
scanning/scanner_counter/n34[3]                              NET DELAY        0.000                  6.227  1       
scanning/scanner_counter/count__i3/D                         ENDPOINT         0.000                  6.227  1       


Destination Clock Path
Name                                      Cell/Site Name     Delay Name       Incr   Arrival/Required Time  Fanout  
----------------------------------------  -----------------  ---------------  -----  ---------------------  ------  
                                                             CONSTRAINT       0.000                  0.000  1       
hf_osc/CLKHF                              HFOSC_HFOSC_R1C32  CLOCK LATENCY    0.000                  0.000  31      
segment_counter/int_osc                                      NET DELAY        3.084                  3.084  31      
{scanning/scanner_counter/count__i2/CK   scanning/scanner_counter/count__i3/CK}
                                                             CLOCK PIN        0.000                  3.084  1       
                                                             Uncertainty      0.000                  3.084  
                                                             Hold time        0.000                  3.084  
----------------------------------------  -----------------  ---------------  -----  ---------------------  ------  
Required Time                                                                                       -3.084  
Arrival Time                                                                                         6.227  
----------------------------------------  -----------------  ---------------  -----  ---------------------  ------  
Path Slack  (Passed)                                                                                 3.143  




++++ Path 9 ++++++++++++++++++++++++++++++++++++++++++++++++++++++++++ 

Path Begin       : scanning/scanner_counter/count__i1/Q  (SLICE_R21C7C)
Path End         : scanning/scanner_counter/count__i1/D  (SLICE_R21C7C)
Source Clock     : int_osc (R)
Destination Clock: int_osc (R)
Logic Level      : 3
Delay Ratio      : 58.7% (route), 41.3% (logic)
Clock Skew       : 0.000 ns 
Hold Constraint  : 0.000 ns 
Path Slack       : 3.143 ns  (Passed)


Source Clock Path
Name                                      Cell/Site Name     Delay Name       Incr   Arrival/Required Time  Fanout  
----------------------------------------  -----------------  ---------------  -----  ---------------------  ------  
hf_osc/CLKHF                              HFOSC_HFOSC_R1C32  CLOCK LATENCY    0.000                  0.000  31      
segment_counter/int_osc                                      NET DELAY        3.084                  3.084  31      
{scanning/scanner_counter/count__i1/CK   scanning/scanner_counter/count__i0/CK}
                                                             CLOCK PIN        0.000                  3.084  1       


Data Path
Name                                      Cell/Site Name     Delay Name       Incr   Arrival/Required Time  Fanout  
----------------------------------------  -----------------  ---------------  -----  ---------------------  ------  
scanning/scanner_counter/count__i1/CK->scanning/scanner_counter/count__i1/Q
                                          SLICE_R21C7C       CLK_TO_Q0_DELAY  0.779                  3.863  2       
scanning/scanner_counter/scan_count[1]                       NET DELAY        0.912                  4.775  2       
scanning/scanner_counter/add_7_add_5_3/B0->scanning/scanner_counter/add_7_add_5_3/S0
                                          SLICE_R21C8B       B0_TO_F0_DELAY   0.266                  5.041  1       
scanning/scanner_counter/n132[1]                             NET DELAY        0.934                  5.975  1       
scanning/scanner_counter/i533_2_lut/A->scanning/scanner_counter/i533_2_lut/Z
                                          SLICE_R21C7C       D0_TO_F0_DELAY   0.252                  6.227  1       
scanning/scanner_counter/n34[1]                              NET DELAY        0.000                  6.227  1       
scanning/scanner_counter/count__i1/D                         ENDPOINT         0.000                  6.227  1       


Destination Clock Path
Name                                      Cell/Site Name     Delay Name       Incr   Arrival/Required Time  Fanout  
----------------------------------------  -----------------  ---------------  -----  ---------------------  ------  
                                                             CONSTRAINT       0.000                  0.000  1       
hf_osc/CLKHF                              HFOSC_HFOSC_R1C32  CLOCK LATENCY    0.000                  0.000  31      
segment_counter/int_osc                                      NET DELAY        3.084                  3.084  31      
{scanning/scanner_counter/count__i1/CK   scanning/scanner_counter/count__i0/CK}
                                                             CLOCK PIN        0.000                  3.084  1       
                                                             Uncertainty      0.000                  3.084  
                                                             Hold time        0.000                  3.084  
----------------------------------------  -----------------  ---------------  -----  ---------------------  ------  
Required Time                                                                                       -3.084  
Arrival Time                                                                                         6.227  
----------------------------------------  -----------------  ---------------  -----  ---------------------  ------  
Path Slack  (Passed)                                                                                 3.143  




++++ Path 10 ++++++++++++++++++++++++++++++++++++++++++++++++++++++++++ 

Path Begin       : scanning/scanner_counter/count__i0/Q  (SLICE_R21C7C)
Path End         : scanning/scanner_counter/count__i0/D  (SLICE_R21C7C)
Source Clock     : int_osc (R)
Destination Clock: int_osc (R)
Logic Level      : 3
Delay Ratio      : 58.7% (route), 41.3% (logic)
Clock Skew       : 0.000 ns 
Hold Constraint  : 0.000 ns 
Path Slack       : 3.143 ns  (Passed)


Source Clock Path
Name                                      Cell/Site Name     Delay Name       Incr   Arrival/Required Time  Fanout  
----------------------------------------  -----------------  ---------------  -----  ---------------------  ------  
hf_osc/CLKHF                              HFOSC_HFOSC_R1C32  CLOCK LATENCY    0.000                  0.000  31      
segment_counter/int_osc                                      NET DELAY        3.084                  3.084  31      
{scanning/scanner_counter/count__i1/CK   scanning/scanner_counter/count__i0/CK}
                                                             CLOCK PIN        0.000                  3.084  1       


Data Path
Name                                      Cell/Site Name     Delay Name       Incr   Arrival/Required Time  Fanout  
----------------------------------------  -----------------  ---------------  -----  ---------------------  ------  
scanning/scanner_counter/count__i0/CK->scanning/scanner_counter/count__i0/Q
                                          SLICE_R21C7C       CLK_TO_Q1_DELAY  0.779                  3.863  2       
scanning/scanner_counter/scan_count[0]                       NET DELAY        0.912                  4.775  2       
scanning/scanner_counter/add_7_add_5_1/B1->scanning/scanner_counter/add_7_add_5_1/S1
                                          SLICE_R21C8A       B1_TO_F1_DELAY   0.266                  5.041  1       
scanning/scanner_counter/n132[0]                             NET DELAY        0.934                  5.975  1       
scanning/scanner_counter/i526_2_lut/A->scanning/scanner_counter/i526_2_lut/Z
                                          SLICE_R21C7C       D1_TO_F1_DELAY   0.252                  6.227  1       
scanning/scanner_counter/n34[0]                              NET DELAY        0.000                  6.227  1       
scanning/scanner_counter/count__i0/D                         ENDPOINT         0.000                  6.227  1       


Destination Clock Path
Name                                      Cell/Site Name     Delay Name       Incr   Arrival/Required Time  Fanout  
----------------------------------------  -----------------  ---------------  -----  ---------------------  ------  
                                                             CONSTRAINT       0.000                  0.000  1       
hf_osc/CLKHF                              HFOSC_HFOSC_R1C32  CLOCK LATENCY    0.000                  0.000  31      
segment_counter/int_osc                                      NET DELAY        3.084                  3.084  31      
{scanning/scanner_counter/count__i1/CK   scanning/scanner_counter/count__i0/CK}
                                                             CLOCK PIN        0.000                  3.084  1       
                                                             Uncertainty      0.000                  3.084  
                                                             Hold time        0.000                  3.084  
----------------------------------------  -----------------  ---------------  -----  ---------------------  ------  
Required Time                                                                                       -3.084  
Arrival Time                                                                                         6.227  
----------------------------------------  -----------------  ---------------  -----  ---------------------  ------  
Path Slack  (Passed)                                                                                 3.143  



+++++++++++++++++++++++++++++++++++++++++++++++++++++++++++++++++++++ 
                    End of Detailed Report for timing paths 
+++++++++++++++++++++++++++++++++++++++++++++++++++++++++++++++++++++ 


##########################################################



